task_id,rmse,dataset,model,accuracy,rmse_rank,accuracy_rank
0.0,7.831016120900147,school,MTB,,1.0,
1.0,11.01049030539538,school,MTB,,3.0,
2.0,8.710625494105203,school,MTB,,2.0,
3.0,9.034095370905108,school,MTB,,2.0,
4.0,9.93466618612133,school,MTB,,2.0,
5.0,5.457997345717005,school,MTB,,2.0,
6.0,12.079597566974433,school,MTB,,2.0,
7.0,8.88206901706581,school,MTB,,2.0,
8.0,8.266965605761257,school,MTB,,2.0,
9.0,12.067818322386467,school,MTB,,1.0,
10.0,9.619783900748585,school,MTB,,3.0,
11.0,9.900083814753476,school,MTB,,1.0,
12.0,4.542908149205251,school,MTB,,2.0,
13.0,6.1383845354381155,school,MTB,,1.0,
14.0,10.514327514886071,school,MTB,,1.0,
15.0,9.092864755012835,school,MTB,,1.0,
16.0,8.809063793554461,school,MTB,,2.0,
17.0,9.76612717007041,school,MTB,,1.0,
18.0,9.32813187213917,school,MTB,,2.0,
19.0,8.568948096152523,school,MTB,,2.0,
20.0,8.043488233511559,school,MTB,,1.0,
21.0,10.521069486333303,school,MTB,,1.0,
22.0,11.436569322593021,school,MTB,,2.0,
23.0,12.609963709933778,school,MTB,,2.0,
24.0,7.17730600726543,school,MTB,,2.0,
25.0,8.55685858182577,school,MTB,,2.0,
26.0,15.732555912202237,school,MTB,,2.0,
27.0,11.438497680032029,school,MTB,,3.0,
28.0,10.82602242152777,school,MTB,,2.0,
29.0,8.631845063049925,school,MTB,,1.0,
30.0,9.957760161880419,school,MTB,,2.0,
31.0,12.539150961893895,school,MTB,,2.0,
32.0,10.147511069288662,school,MTB,,3.0,
33.0,8.940755504252515,school,MTB,,2.0,
34.0,9.7664191841782,school,MTB,,1.0,
35.0,13.178332840866654,school,MTB,,3.0,
36.0,9.091872507723597,school,MTB,,2.0,
37.0,7.293864138340069,school,MTB,,2.0,
38.0,11.085788186655595,school,MTB,,2.0,
39.0,10.115214213719847,school,MTB,,1.0,
40.0,8.671144344362117,school,MTB,,1.0,
41.0,10.41335223871174,school,MTB,,2.0,
42.0,12.924357300761724,school,MTB,,3.0,
43.0,10.3258597249982,school,MTB,,2.0,
44.0,7.720801887060078,school,MTB,,2.0,
45.0,9.716165205480177,school,MTB,,1.0,
46.0,7.282137853901773,school,MTB,,1.0,
47.0,11.102490381336315,school,MTB,,2.0,
48.0,12.313397808401247,school,MTB,,3.0,
49.0,9.983474204244315,school,MTB,,2.0,
50.0,7.556015146436769,school,MTB,,1.0,
51.0,9.389406242526787,school,MTB,,3.0,
52.0,8.93505206206897,school,MTB,,1.0,
53.0,8.085567882793855,school,MTB,,2.0,
54.0,10.189205714308274,school,MTB,,2.0,
55.0,13.326256289041508,school,MTB,,1.0,
56.0,9.40256258705527,school,MTB,,2.0,
57.0,13.265591405725141,school,MTB,,1.0,
58.0,10.625720371779865,school,MTB,,1.0,
59.0,8.553983792144876,school,MTB,,1.0,
60.0,18.853342281223554,school,MTB,,1.0,
61.0,12.801291513576766,school,MTB,,2.0,
62.0,10.248858326075942,school,MTB,,1.0,
63.0,9.70731176051294,school,MTB,,2.0,
64.0,6.975711828402787,school,MTB,,2.0,
65.0,8.696390959609985,school,MTB,,2.0,
66.0,8.63729284888554,school,MTB,,2.0,
67.0,11.962099543304678,school,MTB,,3.0,
68.0,8.135545818964083,school,MTB,,3.0,
69.0,10.95021298318118,school,MTB,,3.0,
70.0,10.35647708020732,school,MTB,,2.0,
71.0,10.307599352500366,school,MTB,,1.0,
72.0,6.547222007922987,school,MTB,,2.0,
73.0,8.353813231134001,school,MTB,,3.0,
74.0,8.373188026916257,school,MTB,,2.0,
75.0,6.233223421435538,school,MTB,,3.0,
76.0,8.418670598627331,school,MTB,,2.0,
77.0,10.898635181853209,school,MTB,,1.0,
78.0,12.872965569965617,school,MTB,,2.0,
79.0,9.251515088798977,school,MTB,,2.0,
80.0,7.992379110045036,school,MTB,,2.0,
81.0,11.635249478586104,school,MTB,,2.0,
82.0,10.495302587168117,school,MTB,,3.0,
83.0,7.513179666750509,school,MTB,,1.0,
84.0,8.162730458376947,school,MTB,,2.0,
85.0,12.78831188991511,school,MTB,,1.0,
86.0,9.566739439571005,school,MTB,,2.0,
87.0,9.621848156097078,school,MTB,,1.0,
88.0,9.152415343876537,school,MTB,,2.0,
89.0,9.026551394980729,school,MTB,,2.0,
90.0,10.34249688359068,school,MTB,,2.0,
91.0,8.618275895731063,school,MTB,,1.0,
92.0,8.548334656519915,school,MTB,,2.0,
93.0,6.630179493829434,school,MTB,,3.0,
94.0,9.485659347314531,school,MTB,,1.0,
95.0,6.095022643090914,school,MTB,,2.0,
96.0,11.351411004714315,school,MTB,,3.0,
97.0,11.00621423949446,school,MTB,,2.0,
98.0,10.534142010437673,school,MTB,,2.0,
99.0,7.4073812379864545,school,MTB,,1.0,
100.0,9.508279690952257,school,MTB,,2.0,
101.0,14.823600714005662,school,MTB,,2.0,
102.0,11.028546106710944,school,MTB,,2.0,
103.0,10.521524293452137,school,MTB,,2.0,
104.0,11.549237444841214,school,MTB,,1.0,
105.0,7.710439762537701,school,MTB,,3.0,
106.0,7.175689539753323,school,MTB,,1.0,
107.0,8.22045715430232,school,MTB,,2.0,
108.0,12.758606490773886,school,MTB,,1.0,
109.0,10.93697902365836,school,MTB,,2.0,
110.0,9.229394638980894,school,MTB,,1.0,
111.0,8.68113666041068,school,MTB,,3.0,
112.0,11.157235931805568,school,MTB,,1.0,
113.0,10.822748707624674,school,MTB,,3.0,
114.0,9.895976751658518,school,MTB,,2.0,
115.0,8.931878197119895,school,MTB,,2.0,
116.0,8.316107257459446,school,MTB,,2.0,
117.0,9.67106955835768,school,MTB,,2.0,
118.0,14.007780613574132,school,MTB,,1.0,
119.0,16.252262367453557,school,MTB,,2.0,
120.0,12.445762361251337,school,MTB,,2.0,
121.0,9.998440470095842,school,MTB,,1.0,
122.0,11.835675210767683,school,MTB,,1.0,
123.0,9.373122697426016,school,MTB,,1.0,
124.0,7.059640902785815,school,MTB,,3.0,
125.0,9.129123790537925,school,MTB,,1.0,
126.0,10.86475107506863,school,MTB,,1.0,
127.0,11.021259869444396,school,MTB,,2.0,
128.0,9.645351005961688,school,MTB,,3.0,
129.0,12.254941404677664,school,MTB,,2.0,
130.0,11.619128629122892,school,MTB,,2.0,
131.0,11.055446096991657,school,MTB,,3.0,
132.0,9.241179061241244,school,MTB,,3.0,
133.0,8.044376706579289,school,MTB,,3.0,
134.0,12.51630461613224,school,MTB,,1.0,
135.0,9.505610876317448,school,MTB,,1.0,
136.0,8.647549112028207,school,MTB,,2.0,
137.0,10.78844801097572,school,MTB,,1.0,
138.0,6.747064746732533,school,MTB,,1.0,
0.0,1.8576214251743333,computer,MTB,,2.0,
1.0,1.1741966590805923,computer,MTB,,2.0,
2.0,2.380377573161211,computer,MTB,,2.0,
3.0,4.98387669489887,computer,MTB,,3.0,
4.0,2.532257775570038,computer,MTB,,3.0,
5.0,1.2621875332625496,computer,MTB,,3.0,
6.0,2.261442303011198,computer,MTB,,2.0,
7.0,1.2537603565947408,computer,MTB,,3.0,
8.0,2.9945778882636653,computer,MTB,,2.0,
9.0,1.7746883729664338,computer,MTB,,2.0,
10.0,2.292657108600532,computer,MTB,,2.0,
11.0,0.825817476159096,computer,MTB,,1.0,
12.0,3.2582727442635036,computer,MTB,,2.0,
13.0,1.9556566029099807,computer,MTB,,2.0,
14.0,1.4783705641641571,computer,MTB,,2.0,
15.0,1.443640611735794,computer,MTB,,3.0,
16.0,2.1018949746166733,computer,MTB,,3.0,
17.0,1.1621906090735774,computer,MTB,,2.0,
18.0,1.6150072057513682,computer,MTB,,3.0,
19.0,1.1279672756401746,computer,MTB,,2.0,
20.0,1.631125240854508,computer,MTB,,3.0,
21.0,2.3315799034589353,computer,MTB,,1.0,
22.0,2.505396802909175,computer,MTB,,3.0,
23.0,2.1892768501371784,computer,MTB,,2.0,
24.0,0.3066754421223629,computer,MTB,,2.0,
25.0,1.6587559390318019,computer,MTB,,1.0,
26.0,1.684396483908263,computer,MTB,,2.0,
27.0,1.1918344737064128,computer,MTB,,2.0,
28.0,2.757778350750553,computer,MTB,,2.0,
29.0,0.9538444965203393,computer,MTB,,3.0,
30.0,2.8562933933063466,computer,MTB,,2.0,
31.0,0.1099866361838977,computer,MTB,,2.0,
32.0,2.484673060829386,computer,MTB,,1.0,
33.0,1.7742841972698482,computer,MTB,,3.0,
34.0,1.0213614053486655,computer,MTB,,3.0,
35.0,3.4666055303849608,computer,MTB,,2.0,
36.0,3.873888657167358,computer,MTB,,3.0,
37.0,3.478110350255018,computer,MTB,,3.0,
38.0,1.2923763214281552,computer,MTB,,2.0,
39.0,2.559945894804223,computer,MTB,,2.0,
40.0,3.0267788033043415,computer,MTB,,3.0,
41.0,2.065113657778921,computer,MTB,,2.0,
42.0,1.6864902372821324,computer,MTB,,2.0,
43.0,2.7012970307221265,computer,MTB,,2.0,
44.0,2.035755656401478,computer,MTB,,2.0,
45.0,2.1129161027250993,computer,MTB,,3.0,
46.0,0.7047442745614433,computer,MTB,,2.0,
47.0,2.383504138074581,computer,MTB,,3.0,
48.0,2.1372682499075797,computer,MTB,,3.0,
49.0,1.1614447915997355,computer,MTB,,2.0,
50.0,5.7076290800842395,computer,MTB,,2.0,
51.0,3.010977607957394,computer,MTB,,3.0,
52.0,3.956062471729486,computer,MTB,,2.0,
53.0,1.0996020693584871,computer,MTB,,2.0,
54.0,2.027820478793616,computer,MTB,,3.0,
55.0,4.3167045400970885,computer,MTB,,2.0,
56.0,3.2136594747925074,computer,MTB,,2.0,
57.0,4.197391725347079,computer,MTB,,2.0,
58.0,2.3786739879800347,computer,MTB,,2.0,
59.0,2.932415730867962,computer,MTB,,2.0,
60.0,1.6118947404719963,computer,MTB,,3.0,
61.0,1.7832518164908333,computer,MTB,,2.0,
62.0,1.593674905288013,computer,MTB,,3.0,
63.0,0.8711322285206052,computer,MTB,,2.0,
64.0,2.370102272655464,computer,MTB,,2.0,
65.0,3.791832065425171,computer,MTB,,2.0,
66.0,1.4292884787483864,computer,MTB,,3.0,
67.0,2.169590303234549,computer,MTB,,2.0,
68.0,2.0836296367545453,computer,MTB,,2.0,
70.0,2.994618385053357,computer,MTB,,2.0,
71.0,3.2358467253684395,computer,MTB,,1.0,
72.0,1.5083426579302697,computer,MTB,,2.0,
74.0,2.8036150740891235,computer,MTB,,2.0,
75.0,3.192305348424418,computer,MTB,,3.0,
77.0,2.3453572982823503,computer,MTB,,2.0,
78.0,1.0297254234835744,computer,MTB,,1.0,
79.0,1.189049694422564,computer,MTB,,1.0,
80.0,1.2474524062022523,computer,MTB,,1.0,
81.0,1.879953010808791,computer,MTB,,2.0,
82.0,2.5996107619343127,computer,MTB,,1.0,
83.0,3.7167483198422766,computer,MTB,,2.0,
84.0,2.5707115212516136,computer,MTB,,2.0,
85.0,1.1596626920310231,computer,MTB,,3.0,
86.0,2.3086949390925393,computer,MTB,,2.0,
87.0,1.5151591521608525,computer,MTB,,2.0,
88.0,3.891237322551405,computer,MTB,,1.0,
89.0,2.5135890729863353,computer,MTB,,3.0,
90.0,2.781093573827033,computer,MTB,,1.0,
91.0,3.8567949990040287,computer,MTB,,2.0,
92.0,1.0213178020904192,computer,MTB,,1.0,
93.0,2.8158301657734133,computer,MTB,,2.0,
94.0,1.6180483446486023,computer,MTB,,1.0,
95.0,3.7156707860090226,computer,MTB,,2.0,
96.0,3.3706074855559702,computer,MTB,,3.0,
97.0,2.2156615580487147,computer,MTB,,1.0,
98.0,1.456282844003786,computer,MTB,,1.0,
99.0,0.4831357908864445,computer,MTB,,2.0,
100.0,2.4637390542081072,computer,MTB,,3.0,
101.0,1.3051387639008192,computer,MTB,,2.0,
102.0,2.8905601645944645,computer,MTB,,2.0,
103.0,1.4929637564199534,computer,MTB,,2.0,
104.0,1.1662032558857225,computer,MTB,,3.0,
105.0,4.692591777093011,computer,MTB,,2.0,
106.0,2.139378223412594,computer,MTB,,1.0,
107.0,3.8947778172139236,computer,MTB,,1.0,
108.0,1.1207026827646605,computer,MTB,,2.0,
109.0,3.6872996378908227,computer,MTB,,2.0,
110.0,1.6712102910683366,computer,MTB,,2.0,
111.0,4.910500086753413,computer,MTB,,2.0,
112.0,1.6011031883505116,computer,MTB,,1.0,
113.0,2.5622924218419283,computer,MTB,,3.0,
114.0,2.239360698428878,computer,MTB,,2.0,
115.0,3.1011212554482386,computer,MTB,,2.0,
116.0,3.2532380911647696,computer,MTB,,2.0,
117.0,2.6331678590413605,computer,MTB,,1.0,
118.0,2.8743527993385998,computer,MTB,,2.0,
119.0,1.349640735104834,computer,MTB,,2.0,
120.0,2.6919692347053035,computer,MTB,,3.0,
121.0,2.1602288715389713,computer,MTB,,2.0,
122.0,5.4635330557008395,computer,MTB,,2.0,
123.0,1.1117309533681703,computer,MTB,,1.0,
124.0,2.5360495176363735,computer,MTB,,3.0,
125.0,2.754621005912871,computer,MTB,,2.0,
126.0,1.3248137261850077,computer,MTB,,2.0,
127.0,2.6842120650269115,computer,MTB,,2.0,
128.0,1.5283872830737344,computer,MTB,,2.0,
129.0,2.0563270057157017,computer,MTB,,1.0,
130.0,3.5893643645988345,computer,MTB,,2.0,
131.0,2.623182373551507,computer,MTB,,1.0,
132.0,0.795029962523952,computer,MTB,,2.0,
133.0,2.386036167432634,computer,MTB,,2.0,
134.0,3.9215087383864256,computer,MTB,,1.0,
135.0,3.3744581883262397,computer,MTB,,1.0,
136.0,1.003227012891555,computer,MTB,,1.0,
137.0,1.9845653013039726,computer,MTB,,2.0,
138.0,2.96198455943374,computer,MTB,,1.0,
139.0,2.1855533214371525,computer,MTB,,1.0,
140.0,0.646411355798229,computer,MTB,,1.0,
141.0,1.4264562903275446,computer,MTB,,2.0,
142.0,5.156898713246802,computer,MTB,,2.0,
143.0,3.4056549809063412,computer,MTB,,2.0,
144.0,2.669745893310514,computer,MTB,,2.0,
145.0,0.9109074638373237,computer,MTB,,2.0,
146.0,1.5511060273249888,computer,MTB,,2.0,
147.0,2.897369715136392,computer,MTB,,1.0,
148.0,2.527272753682987,computer,MTB,,2.0,
149.0,2.4221103280232885,computer,MTB,,2.0,
150.0,3.7856214812382363,computer,MTB,,1.0,
151.0,1.095379449517197,computer,MTB,,2.0,
152.0,2.90318080264908,computer,MTB,,2.0,
153.0,1.992706278677932,computer,MTB,,1.0,
154.0,3.5160649980969754,computer,MTB,,2.0,
155.0,2.786560659311793,computer,MTB,,2.0,
156.0,4.208674048490472,computer,MTB,,3.0,
157.0,2.9445111951028076,computer,MTB,,3.0,
158.0,2.0081562682000484,computer,MTB,,3.0,
159.0,2.7840540170302566,computer,MTB,,2.0,
160.0,3.6298521023747865,computer,MTB,,2.0,
161.0,2.3305305164273404,computer,MTB,,2.0,
162.0,0.8851410785634812,computer,MTB,,1.0,
163.0,1.552769779139406,computer,MTB,,1.0,
164.0,2.0388376172205867,computer,MTB,,3.0,
165.0,2.2932899163288183,computer,MTB,,2.0,
166.0,3.3048902869376784,computer,MTB,,2.0,
167.0,0.3076818171078139,computer,MTB,,1.0,
168.0,2.523620597475391,computer,MTB,,2.0,
170.0,1.4055641403480377,computer,MTB,,1.0,
171.0,3.17911937337774,computer,MTB,,3.0,
172.0,2.9016568545268746,computer,MTB,,3.0,
173.0,1.2362804114313748,computer,MTB,,3.0,
174.0,2.9634062541474453,computer,MTB,,3.0,
175.0,4.125816541651881,computer,MTB,,1.0,
176.0,2.82930221945338,computer,MTB,,3.0,
177.0,1.8181199891788014,computer,MTB,,1.0,
178.0,1.9194442319822753,computer,MTB,,2.0,
179.0,1.2147169261939479,computer,MTB,,2.0,
180.0,2.529588402953997,computer,MTB,,2.0,
181.0,1.949840081380097,computer,MTB,,1.0,
182.0,2.1375711633935985,computer,MTB,,2.0,
183.0,1.4166983602223375,computer,MTB,,3.0,
184.0,2.881572738655631,computer,MTB,,1.0,
185.0,1.5955793834129848,computer,MTB,,2.0,
186.0,1.225391719374755,computer,MTB,,2.0,
187.0,3.5357789124745995,computer,MTB,,2.0,
188.0,1.0270685245176627,computer,MTB,,1.0,
189.0,2.5145898804620197,computer,MTB,,3.0,
1.0,0.3040420119001584,parkinson,MTB,,2.0,
2.0,0.45366008382999023,parkinson,MTB,,3.0,
3.0,0.3513037993859796,parkinson,MTB,,3.0,
4.0,0.2995632162953579,parkinson,MTB,,3.0,
5.0,0.15968003976631523,parkinson,MTB,,2.0,
6.0,0.1582411260782234,parkinson,MTB,,1.0,
7.0,0.29340792506232827,parkinson,MTB,,3.0,
8.0,0.17890267622284545,parkinson,MTB,,2.0,
9.0,0.3985364328101841,parkinson,MTB,,3.0,
10.0,0.07832906643971203,parkinson,MTB,,2.0,
11.0,0.8661363882527794,parkinson,MTB,,3.0,
12.0,0.3893918635582669,parkinson,MTB,,2.0,
13.0,0.4275928390396176,parkinson,MTB,,2.0,
14.0,0.32713674223999456,parkinson,MTB,,3.0,
15.0,0.3639313183651433,parkinson,MTB,,3.0,
16.0,0.18051174800388245,parkinson,MTB,,2.0,
17.0,1.5646196462684419,parkinson,MTB,,1.0,
18.0,0.08280723815180754,parkinson,MTB,,3.0,
19.0,0.29146145188393974,parkinson,MTB,,3.0,
20.0,0.19654747388539298,parkinson,MTB,,3.0,
21.0,0.8497332725449179,parkinson,MTB,,1.0,
22.0,0.6695398796308176,parkinson,MTB,,3.0,
23.0,0.35797622262637535,parkinson,MTB,,1.0,
24.0,0.24950323482063302,parkinson,MTB,,3.0,
25.0,0.20508850966724118,parkinson,MTB,,1.0,
26.0,0.7800755284300609,parkinson,MTB,,3.0,
27.0,0.3702355207785994,parkinson,MTB,,3.0,
28.0,0.7700901615762887,parkinson,MTB,,3.0,
29.0,0.594127441023323,parkinson,MTB,,1.0,
30.0,0.3268765021650309,parkinson,MTB,,3.0,
31.0,1.207103709122919,parkinson,MTB,,3.0,
32.0,0.7902499019399328,parkinson,MTB,,1.0,
33.0,0.053551511306710604,parkinson,MTB,,1.0,
34.0,0.5815254198010051,parkinson,MTB,,3.0,
35.0,0.44188285920527154,parkinson,MTB,,3.0,
36.0,0.0880699303890425,parkinson,MTB,,1.0,
37.0,0.25591451880785243,parkinson,MTB,,3.0,
38.0,0.3448242706406003,parkinson,MTB,,1.0,
39.0,0.2370932421203859,parkinson,MTB,,1.0,
40.0,0.27932089369051843,parkinson,MTB,,2.0,
41.0,0.4033127907306851,parkinson,MTB,,2.0,
42.0,0.7075770657817909,parkinson,MTB,,1.0,
0.0,,landmine,MTB,0.9411764705882353,,2.0
1.0,,landmine,MTB,0.9236641221374046,,2.0
2.0,,landmine,MTB,0.9407407407407408,,2.0
3.0,,landmine,MTB,0.9629629629629629,,2.0
4.0,,landmine,MTB,0.9636363636363636,,2.0
5.0,,landmine,MTB,0.9724770642201835,,2.0
6.0,,landmine,MTB,0.941747572815534,,2.0
7.0,,landmine,MTB,0.9418604651162791,,2.0
8.0,,landmine,MTB,0.9203539823008849,,2.0
9.0,,landmine,MTB,1.0,,2.0
10.0,,landmine,MTB,0.9266666666666666,,2.0
11.0,,landmine,MTB,0.9655172413793104,,2.0
12.0,,landmine,MTB,0.9494949494949495,,2.0
13.0,,landmine,MTB,0.9380530973451328,,2.0
14.0,,landmine,MTB,0.9595959595959596,,2.0
15.0,,landmine,MTB,0.9509803921568627,,2.0
16.0,,landmine,MTB,0.9117647058823529,,3.0
17.0,,landmine,MTB,0.9387755102040817,,1.5
18.0,,landmine,MTB,0.9885057471264368,,2.0
19.0,,landmine,MTB,0.9222222222222223,,2.0
20.0,,landmine,MTB,0.9404761904761905,,2.0
21.0,,landmine,MTB,0.8809523809523809,,2.5
22.0,,landmine,MTB,1.0,,2.0
23.0,,landmine,MTB,0.8681318681318682,,2.0
24.0,,landmine,MTB,0.9534883720930233,,2.0
25.0,,landmine,MTB,0.9560439560439561,,1.5
26.0,,landmine,MTB,0.9506172839506173,,2.0
27.0,,landmine,MTB,0.963855421686747,,2.0
28.0,,landmine,MTB,0.9340659340659341,,2.0
0.0,,adult_gender,MTB,0.9204943737317838,,2.0
1.0,,adult_gender,MTB,0.8068139963167588,,2.0
0.0,,adult_race,MTB,0.89937106918239,,2.0
1.0,,adult_race,MTB,0.8083333333333333,,2.0
2.0,,adult_race,MTB,0.9122357463164638,,2.0
3.0,,adult_race,MTB,0.8296296296296296,,2.5
4.0,,adult_race,MTB,0.8306324394091495,,2.0
0.0,7.8599062822319965,school,RMTB,,2.0,
1.0,10.984850318862799,school,RMTB,,2.0,
2.0,8.785682701274393,school,RMTB,,3.0,
3.0,8.994755976793703,school,RMTB,,1.0,
4.0,9.857411869459334,school,RMTB,,1.0,
5.0,5.460477638565501,school,RMTB,,3.0,
6.0,11.826307267611517,school,RMTB,,1.0,
7.0,8.836113546144986,school,RMTB,,1.0,
8.0,8.159231734949087,school,RMTB,,1.0,
9.0,12.087259398697492,school,RMTB,,2.0,
10.0,9.357159884627587,school,RMTB,,1.0,
11.0,10.03915938301948,school,RMTB,,2.0,
12.0,4.383196026865202,school,RMTB,,1.0,
13.0,6.302419256106203,school,RMTB,,2.0,
14.0,10.55610142530056,school,RMTB,,2.0,
15.0,9.146360144757155,school,RMTB,,2.0,
16.0,8.862601828619885,school,RMTB,,3.0,
17.0,9.967472596242573,school,RMTB,,3.0,
18.0,9.430681602788281,school,RMTB,,3.0,
19.0,8.553948278756462,school,RMTB,,1.0,
20.0,8.143394649873681,school,RMTB,,2.0,
21.0,10.5622960106038,school,RMTB,,2.0,
22.0,11.1348790185172,school,RMTB,,1.0,
23.0,12.583090592191413,school,RMTB,,1.0,
24.0,6.02210658321847,school,RMTB,,1.0,
25.0,8.412773908427047,school,RMTB,,1.0,
26.0,15.70062168674944,school,RMTB,,1.0,
27.0,11.35226279875715,school,RMTB,,2.0,
28.0,10.805509360014927,school,RMTB,,1.0,
29.0,8.632651905062563,school,RMTB,,2.0,
30.0,9.983108767734043,school,RMTB,,3.0,
31.0,12.371405306040142,school,RMTB,,1.0,
32.0,10.068597871076415,school,RMTB,,2.0,
33.0,8.868641343693072,school,RMTB,,1.0,
34.0,9.921703586575054,school,RMTB,,2.0,
35.0,13.124147446860214,school,RMTB,,2.0,
36.0,9.241935121094523,school,RMTB,,3.0,
37.0,7.280556608987151,school,RMTB,,1.0,
38.0,11.061816913563485,school,RMTB,,1.0,
39.0,10.141088512307508,school,RMTB,,2.0,
40.0,8.800900120587762,school,RMTB,,3.0,
41.0,10.330685760699575,school,RMTB,,1.0,
42.0,12.761661136721681,school,RMTB,,2.0,
43.0,10.226802269051419,school,RMTB,,1.0,
44.0,7.752061203683289,school,RMTB,,3.0,
45.0,9.74002744656587,school,RMTB,,2.0,
46.0,7.296335398528409,school,RMTB,,2.0,
47.0,10.896974808809446,school,RMTB,,1.0,
48.0,12.258103725761584,school,RMTB,,2.0,
49.0,9.946989173114924,school,RMTB,,1.0,
50.0,7.654579874197205,school,RMTB,,2.0,
51.0,9.383453893771307,school,RMTB,,2.0,
52.0,8.980424284792681,school,RMTB,,3.0,
53.0,8.034243996209984,school,RMTB,,1.0,
54.0,10.050657505995458,school,RMTB,,1.0,
55.0,13.364771497131505,school,RMTB,,2.0,
56.0,9.537327734064096,school,RMTB,,3.0,
57.0,13.433212424436475,school,RMTB,,2.0,
58.0,10.782815170541104,school,RMTB,,3.0,
59.0,8.599191688188284,school,RMTB,,2.0,
60.0,18.91673134896687,school,RMTB,,3.0,
61.0,12.665442856246187,school,RMTB,,1.0,
62.0,10.402219197723259,school,RMTB,,3.0,
63.0,9.6847547037371,school,RMTB,,1.0,
64.0,6.815722360865223,school,RMTB,,1.0,
65.0,8.891096433574246,school,RMTB,,3.0,
66.0,8.673048785344175,school,RMTB,,3.0,
67.0,11.712877828590205,school,RMTB,,1.0,
68.0,8.00792885641974,school,RMTB,,2.0,
69.0,10.875095066199064,school,RMTB,,2.0,
70.0,10.29633977001315,school,RMTB,,1.0,
71.0,10.326066654924917,school,RMTB,,2.0,
72.0,6.571514289894994,school,RMTB,,3.0,
73.0,8.336677560156545,school,RMTB,,2.0,
74.0,8.442952214541561,school,RMTB,,3.0,
75.0,6.055781910404749,school,RMTB,,2.0,
76.0,8.455586264209918,school,RMTB,,3.0,
77.0,11.002740082926145,school,RMTB,,2.0,
78.0,12.811868288538315,school,RMTB,,1.0,
79.0,9.226142394533268,school,RMTB,,1.0,
80.0,7.832380309213305,school,RMTB,,1.0,
81.0,11.480131369348415,school,RMTB,,1.0,
82.0,10.060966016764338,school,RMTB,,1.0,
83.0,7.604669801104096,school,RMTB,,3.0,
84.0,8.481707228749022,school,RMTB,,3.0,
85.0,12.850652672195288,school,RMTB,,2.0,
86.0,9.588602865380047,school,RMTB,,3.0,
87.0,9.703488315167204,school,RMTB,,2.0,
88.0,9.117351159238062,school,RMTB,,1.0,
89.0,8.543211472596118,school,RMTB,,1.0,
90.0,10.10949830172306,school,RMTB,,1.0,
91.0,8.661219997931298,school,RMTB,,3.0,
92.0,8.397132047807634,school,RMTB,,1.0,
93.0,6.27942411424244,school,RMTB,,1.0,
94.0,9.531375896188509,school,RMTB,,2.0,
95.0,6.034226648268979,school,RMTB,,1.0,
96.0,11.161118298694776,school,RMTB,,2.0,
97.0,11.027915054240868,school,RMTB,,3.0,
98.0,10.789980775451143,school,RMTB,,3.0,
99.0,7.448918148468476,school,RMTB,,2.0,
100.0,9.324191292993724,school,RMTB,,1.0,
101.0,14.74615871073896,school,RMTB,,1.0,
102.0,10.760236679457329,school,RMTB,,1.0,
103.0,10.587881597940028,school,RMTB,,3.0,
104.0,11.56924687230443,school,RMTB,,2.0,
105.0,7.67975609139755,school,RMTB,,2.0,
106.0,7.217294302254612,school,RMTB,,2.0,
107.0,8.218711399872847,school,RMTB,,1.0,
108.0,12.99412364659139,school,RMTB,,2.0,
109.0,11.029143952128708,school,RMTB,,3.0,
110.0,9.254443542787135,school,RMTB,,2.0,
111.0,8.58913638661024,school,RMTB,,1.0,
112.0,11.15925065120942,school,RMTB,,2.0,
113.0,10.71686816229434,school,RMTB,,2.0,
114.0,9.757993811621933,school,RMTB,,1.0,
115.0,9.04941382150086,school,RMTB,,3.0,
116.0,8.466954729091146,school,RMTB,,3.0,
117.0,9.73520655497721,school,RMTB,,3.0,
118.0,14.026053008237943,school,RMTB,,2.0,
119.0,16.10524641017934,school,RMTB,,1.0,
120.0,12.472377660583653,school,RMTB,,3.0,
121.0,10.036292168172753,school,RMTB,,2.0,
122.0,11.907396688511188,school,RMTB,,2.0,
123.0,9.51930076499808,school,RMTB,,2.0,
124.0,7.041232928296457,school,RMTB,,2.0,
125.0,9.197385995621378,school,RMTB,,2.0,
126.0,10.880750331873466,school,RMTB,,3.0,
127.0,10.839828682352433,school,RMTB,,1.0,
128.0,9.59945951993632,school,RMTB,,2.0,
129.0,11.918932019011292,school,RMTB,,1.0,
130.0,11.569129041566432,school,RMTB,,1.0,
131.0,11.014056845709712,school,RMTB,,2.0,
132.0,9.172343736533392,school,RMTB,,1.0,
133.0,7.962902833090099,school,RMTB,,2.0,
134.0,12.5440797159595,school,RMTB,,2.0,
135.0,9.586327192806323,school,RMTB,,3.0,
136.0,8.79638563553165,school,RMTB,,3.0,
137.0,10.991483932119737,school,RMTB,,2.0,
138.0,6.812329647228284,school,RMTB,,2.0,
0.0,1.8144030578621397,computer,RMTB,,1.0,
1.0,1.1843122804069683,computer,RMTB,,3.0,
2.0,2.326707854214963,computer,RMTB,,1.0,
3.0,4.961357617905982,computer,RMTB,,2.0,
4.0,2.4845957521400517,computer,RMTB,,2.0,
5.0,1.193361400602522,computer,RMTB,,1.0,
6.0,2.314488209976115,computer,RMTB,,3.0,
7.0,1.20610108690893,computer,RMTB,,2.0,
8.0,2.830071980199402,computer,RMTB,,1.0,
9.0,1.8195868972235685,computer,RMTB,,3.0,
10.0,2.229059711891952,computer,RMTB,,1.0,
11.0,0.8699960446361925,computer,RMTB,,2.0,
12.0,3.309536107177405,computer,RMTB,,3.0,
13.0,1.9083264430181732,computer,RMTB,,1.0,
14.0,1.424972976882381,computer,RMTB,,1.0,
15.0,1.3498743262816608,computer,RMTB,,2.0,
16.0,1.9248909589910923,computer,RMTB,,2.0,
17.0,1.0998535296217649,computer,RMTB,,1.0,
18.0,1.6061414125483677,computer,RMTB,,2.0,
19.0,1.2968840220239737,computer,RMTB,,3.0,
20.0,1.5667596418581415,computer,RMTB,,2.0,
21.0,2.3500619674292453,computer,RMTB,,2.0,
22.0,2.30354357129907,computer,RMTB,,2.0,
23.0,2.2224976323072165,computer,RMTB,,3.0,
24.0,0.34514501599934777,computer,RMTB,,3.0,
25.0,1.6732452633053734,computer,RMTB,,2.0,
26.0,1.6948811397987023,computer,RMTB,,3.0,
27.0,1.1774121423120245,computer,RMTB,,1.0,
28.0,2.7857981476076996,computer,RMTB,,3.0,
29.0,0.7680696294040773,computer,RMTB,,2.0,
30.0,2.7578075521217467,computer,RMTB,,1.0,
31.0,0.013188457467292025,computer,RMTB,,1.0,
32.0,2.5289527414169735,computer,RMTB,,2.0,
33.0,1.6282349492497212,computer,RMTB,,2.0,
34.0,0.9008659729455963,computer,RMTB,,2.0,
35.0,3.547116701449195,computer,RMTB,,3.0,
36.0,3.8359367148614893,computer,RMTB,,2.0,
37.0,3.323509629458457,computer,RMTB,,2.0,
38.0,1.3587940598318866,computer,RMTB,,3.0,
39.0,2.4288701144296323,computer,RMTB,,1.0,
40.0,2.989885962610688,computer,RMTB,,2.0,
41.0,2.023315008844202,computer,RMTB,,1.0,
42.0,1.7082686455145408,computer,RMTB,,3.0,
43.0,2.7274443529724417,computer,RMTB,,3.0,
44.0,1.8801227534982776,computer,RMTB,,1.0,
45.0,1.9838108085587662,computer,RMTB,,2.0,
46.0,0.6644482478210907,computer,RMTB,,1.0,
47.0,2.2932876529730133,computer,RMTB,,2.0,
48.0,2.0921091080483056,computer,RMTB,,2.0,
49.0,1.22992666173155,computer,RMTB,,3.0,
50.0,5.858455821507406,computer,RMTB,,3.0,
51.0,2.802341099585876,computer,RMTB,,2.0,
52.0,3.9772717898766397,computer,RMTB,,3.0,
53.0,1.098624383459969,computer,RMTB,,1.0,
54.0,2.0102701620468437,computer,RMTB,,2.0,
55.0,4.381194042852915,computer,RMTB,,3.0,
56.0,3.2869774860955943,computer,RMTB,,3.0,
57.0,4.152008843330921,computer,RMTB,,1.0,
58.0,2.2974189369963134,computer,RMTB,,1.0,
59.0,2.950998666734056,computer,RMTB,,3.0,
60.0,1.4108084983541207,computer,RMTB,,2.0,
61.0,1.7159554610266732,computer,RMTB,,1.0,
62.0,1.5413228926240363,computer,RMTB,,2.0,
63.0,0.9231910635792634,computer,RMTB,,3.0,
64.0,2.188113832100773,computer,RMTB,,1.0,
65.0,3.615253300711081,computer,RMTB,,1.0,
66.0,1.3811822530038196,computer,RMTB,,2.0,
67.0,2.1057096872708816,computer,RMTB,,1.0,
68.0,2.0363097804647365,computer,RMTB,,1.0,
70.0,2.9814430163876304,computer,RMTB,,1.0,
71.0,3.2391606037700407,computer,RMTB,,2.0,
72.0,1.5078332771767702,computer,RMTB,,1.0,
74.0,2.6554483289670427,computer,RMTB,,1.0,
75.0,3.0469525076632356,computer,RMTB,,2.0,
77.0,2.3903646122280895,computer,RMTB,,3.0,
78.0,1.1376354488301654,computer,RMTB,,2.0,
79.0,1.1991583716810028,computer,RMTB,,2.0,
80.0,1.3060778252379022,computer,RMTB,,2.0,
81.0,1.8210776131514228,computer,RMTB,,1.0,
82.0,2.6453835569439996,computer,RMTB,,2.0,
83.0,3.7180105682798024,computer,RMTB,,3.0,
84.0,2.6655360402649446,computer,RMTB,,3.0,
85.0,1.0387801772919336,computer,RMTB,,1.0,
86.0,2.2623757601240344,computer,RMTB,,1.0,
87.0,1.3872905058023126,computer,RMTB,,1.0,
88.0,3.9392717888383393,computer,RMTB,,2.0,
89.0,2.3848386306686753,computer,RMTB,,2.0,
90.0,2.790843902171904,computer,RMTB,,2.0,
91.0,3.8787813046700315,computer,RMTB,,3.0,
92.0,1.0921390768943604,computer,RMTB,,2.0,
93.0,2.6861406978623346,computer,RMTB,,1.0,
94.0,1.648353750528237,computer,RMTB,,2.0,
95.0,3.6656816215227743,computer,RMTB,,1.0,
96.0,3.1966485476452022,computer,RMTB,,2.0,
97.0,2.225087009645888,computer,RMTB,,2.0,
98.0,1.4584642699695474,computer,RMTB,,2.0,
99.0,0.4470937582495785,computer,RMTB,,1.0,
100.0,2.417886983530596,computer,RMTB,,2.0,
101.0,1.2912441111741897,computer,RMTB,,1.0,
102.0,2.855063628699695,computer,RMTB,,1.0,
103.0,1.5324494039072356,computer,RMTB,,3.0,
104.0,1.0493568717035366,computer,RMTB,,2.0,
105.0,4.732334439090418,computer,RMTB,,3.0,
106.0,2.2097974111611176,computer,RMTB,,2.0,
107.0,3.9190534209412475,computer,RMTB,,2.0,
108.0,1.0247375432375385,computer,RMTB,,1.0,
109.0,3.675878785284174,computer,RMTB,,1.0,
110.0,1.696133432534666,computer,RMTB,,3.0,
111.0,4.959495401935469,computer,RMTB,,3.0,
112.0,1.634980446393453,computer,RMTB,,2.0,
113.0,2.4582088263066564,computer,RMTB,,1.0,
114.0,2.238069880500322,computer,RMTB,,1.0,
115.0,3.0067552716885837,computer,RMTB,,1.0,
116.0,3.2701780828000686,computer,RMTB,,3.0,
117.0,2.6791605377539875,computer,RMTB,,2.0,
118.0,2.7308466454886675,computer,RMTB,,1.0,
119.0,1.3455732641007634,computer,RMTB,,1.0,
120.0,2.6787495663815997,computer,RMTB,,2.0,
121.0,2.1295049802058736,computer,RMTB,,1.0,
122.0,5.552670686584633,computer,RMTB,,3.0,
123.0,1.1140259121036777,computer,RMTB,,2.0,
124.0,2.5114295093647465,computer,RMTB,,2.0,
125.0,2.731213484278594,computer,RMTB,,1.0,
126.0,1.2555209401707292,computer,RMTB,,1.0,
127.0,2.513281722519413,computer,RMTB,,1.0,
128.0,1.5702907609777628,computer,RMTB,,3.0,
129.0,2.098315213143995,computer,RMTB,,2.0,
130.0,3.402007096079651,computer,RMTB,,1.0,
131.0,2.69369781269684,computer,RMTB,,2.0,
132.0,0.8343619453543717,computer,RMTB,,3.0,
133.0,2.363305074800911,computer,RMTB,,1.0,
134.0,3.987546451538824,computer,RMTB,,2.0,
135.0,3.3953913350792773,computer,RMTB,,2.0,
136.0,1.00858306192193,computer,RMTB,,2.0,
137.0,1.992116438554794,computer,RMTB,,3.0,
138.0,2.989880197721987,computer,RMTB,,2.0,
139.0,2.239500846396253,computer,RMTB,,2.0,
140.0,0.6510928730359363,computer,RMTB,,2.0,
141.0,1.4403545812505458,computer,RMTB,,3.0,
142.0,5.288529255194543,computer,RMTB,,3.0,
143.0,3.4332967547966042,computer,RMTB,,3.0,
144.0,2.56065578970331,computer,RMTB,,1.0,
145.0,0.8072676610321745,computer,RMTB,,1.0,
146.0,1.5616247867860764,computer,RMTB,,3.0,
147.0,2.9305751276601386,computer,RMTB,,2.0,
148.0,2.630225164963833,computer,RMTB,,3.0,
149.0,2.3304339408296686,computer,RMTB,,1.0,
150.0,3.8308634991644026,computer,RMTB,,2.0,
151.0,1.0200735471024296,computer,RMTB,,1.0,
152.0,2.9758071890983615,computer,RMTB,,3.0,
153.0,2.000563741737383,computer,RMTB,,2.0,
154.0,3.4695108606027873,computer,RMTB,,1.0,
155.0,2.7198742740566813,computer,RMTB,,1.0,
156.0,4.12803625325198,computer,RMTB,,2.0,
157.0,2.762880655441347,computer,RMTB,,2.0,
158.0,1.9601665339021477,computer,RMTB,,2.0,
159.0,2.747565741143624,computer,RMTB,,1.0,
160.0,3.6220997080161195,computer,RMTB,,1.0,
161.0,2.268164551422268,computer,RMTB,,1.0,
162.0,1.0275317577163199,computer,RMTB,,2.0,
163.0,1.5777266875043956,computer,RMTB,,2.0,
164.0,2.0075319349690517,computer,RMTB,,2.0,
165.0,2.2168513038402575,computer,RMTB,,1.0,
166.0,3.2860384007456713,computer,RMTB,,1.0,
167.0,0.38366829875697156,computer,RMTB,,2.0,
168.0,2.4625059503171167,computer,RMTB,,1.0,
170.0,1.4809966386951081,computer,RMTB,,2.0,
171.0,3.1208479688467423,computer,RMTB,,2.0,
172.0,2.8760028048360997,computer,RMTB,,2.0,
173.0,1.1969475551281918,computer,RMTB,,2.0,
174.0,2.842982885567994,computer,RMTB,,1.0,
175.0,4.152744863496406,computer,RMTB,,2.0,
176.0,2.783902163925881,computer,RMTB,,2.0,
177.0,1.8573830391698718,computer,RMTB,,2.0,
178.0,1.848717790875591,computer,RMTB,,1.0,
179.0,1.2015992359834942,computer,RMTB,,1.0,
180.0,2.5270552122722822,computer,RMTB,,1.0,
181.0,1.9636744255029828,computer,RMTB,,2.0,
182.0,2.158946717323058,computer,RMTB,,3.0,
183.0,1.3834825249685152,computer,RMTB,,2.0,
184.0,2.9030507816588824,computer,RMTB,,2.0,
185.0,1.5564306676725028,computer,RMTB,,1.0,
186.0,1.1670415373657836,computer,RMTB,,1.0,
187.0,3.435412932673154,computer,RMTB,,1.0,
188.0,1.0363954619705114,computer,RMTB,,2.0,
189.0,2.5048723554204217,computer,RMTB,,2.0,
1.0,0.25458288532838286,parkinson,RMTB,,1.0,
2.0,0.225901430565734,parkinson,RMTB,,2.0,
3.0,0.26665639865348484,parkinson,RMTB,,1.0,
4.0,0.29871100212449786,parkinson,RMTB,,2.0,
5.0,0.1447954178365742,parkinson,RMTB,,1.0,
6.0,0.163595193792027,parkinson,RMTB,,2.0,
7.0,0.28580638048548895,parkinson,RMTB,,2.0,
8.0,0.13495509000527814,parkinson,RMTB,,1.0,
9.0,0.1817241038409299,parkinson,RMTB,,2.0,
10.0,0.04127895847928585,parkinson,RMTB,,1.0,
11.0,0.8646605973344873,parkinson,RMTB,,2.0,
12.0,0.3884182821863246,parkinson,RMTB,,1.0,
13.0,0.42483126386832626,parkinson,RMTB,,1.0,
14.0,0.2412709510724565,parkinson,RMTB,,1.0,
15.0,0.18545803787515447,parkinson,RMTB,,1.0,
16.0,0.17735093817492023,parkinson,RMTB,,1.0,
17.0,1.5898513152295182,parkinson,RMTB,,2.0,
18.0,0.0380757226339791,parkinson,RMTB,,1.0,
19.0,0.24433841646107074,parkinson,RMTB,,1.0,
20.0,0.1302376395084807,parkinson,RMTB,,1.0,
21.0,0.8497352729611435,parkinson,RMTB,,2.0,
22.0,0.4466970353973115,parkinson,RMTB,,1.0,
23.0,0.36170174294391005,parkinson,RMTB,,2.0,
24.0,0.16092829855279572,parkinson,RMTB,,2.0,
25.0,0.20600635874428172,parkinson,RMTB,,2.0,
26.0,0.5750700055878393,parkinson,RMTB,,2.0,
27.0,0.20623191705092467,parkinson,RMTB,,2.0,
28.0,0.44770424638407696,parkinson,RMTB,,2.0,
29.0,0.5942561539183581,parkinson,RMTB,,2.0,
30.0,0.24920039580832437,parkinson,RMTB,,1.0,
31.0,1.0900084567442143,parkinson,RMTB,,2.0,
32.0,0.7943231190058618,parkinson,RMTB,,2.0,
33.0,0.10546401239118369,parkinson,RMTB,,2.0,
34.0,0.47781635321924154,parkinson,RMTB,,2.0,
35.0,0.273410403885363,parkinson,RMTB,,1.0,
36.0,0.0935255873886354,parkinson,RMTB,,2.0,
37.0,0.1860179502203412,parkinson,RMTB,,1.0,
38.0,0.35556605956814,parkinson,RMTB,,2.0,
39.0,0.266445987772389,parkinson,RMTB,,2.0,
40.0,0.27904103953541626,parkinson,RMTB,,1.0,
41.0,0.40309427834310235,parkinson,RMTB,,1.0,
42.0,0.7098049173751266,parkinson,RMTB,,2.0,
0.0,,landmine,RMTB,0.9411764705882353,,2.0
1.0,,landmine,RMTB,0.9236641221374046,,2.0
2.0,,landmine,RMTB,0.9407407407407408,,2.0
3.0,,landmine,RMTB,0.9629629629629629,,2.0
4.0,,landmine,RMTB,0.9636363636363636,,2.0
5.0,,landmine,RMTB,0.9724770642201835,,2.0
6.0,,landmine,RMTB,0.941747572815534,,2.0
7.0,,landmine,RMTB,0.9418604651162791,,2.0
8.0,,landmine,RMTB,0.9203539823008849,,2.0
9.0,,landmine,RMTB,1.0,,2.0
10.0,,landmine,RMTB,0.9266666666666666,,2.0
11.0,,landmine,RMTB,0.9655172413793104,,2.0
12.0,,landmine,RMTB,0.9494949494949495,,2.0
13.0,,landmine,RMTB,0.9380530973451328,,2.0
14.0,,landmine,RMTB,0.9595959595959596,,2.0
15.0,,landmine,RMTB,0.9509803921568627,,2.0
16.0,,landmine,RMTB,0.9215686274509803,,1.5
17.0,,landmine,RMTB,0.9285714285714286,,3.0
18.0,,landmine,RMTB,0.9885057471264368,,2.0
19.0,,landmine,RMTB,0.9222222222222223,,2.0
20.0,,landmine,RMTB,0.9404761904761905,,2.0
21.0,,landmine,RMTB,0.8928571428571429,,1.0
22.0,,landmine,RMTB,1.0,,2.0
23.0,,landmine,RMTB,0.8681318681318682,,2.0
24.0,,landmine,RMTB,0.9534883720930233,,2.0
25.0,,landmine,RMTB,0.945054945054945,,3.0
26.0,,landmine,RMTB,0.9506172839506173,,2.0
27.0,,landmine,RMTB,0.963855421686747,,2.0
28.0,,landmine,RMTB,0.9340659340659341,,2.0
0.0,,adult_gender,RMTB,0.9210477771628851,,1.0
1.0,,adult_gender,RMTB,0.8131675874769797,,1.0
0.0,,adult_race,RMTB,0.89937106918239,,2.0
1.0,,adult_race,RMTB,0.8208333333333333,,1.0
2.0,,adult_race,RMTB,0.9128763613068546,,1.0
3.0,,adult_race,RMTB,0.8296296296296296,,2.5
4.0,,adult_race,RMTB,0.8406711601893015,,1.0
0.0,8.088379773491209,school,STL,,3.0,
1.0,10.942503651266925,school,STL,,1.0,
2.0,8.4514492162961,school,STL,,1.0,
3.0,9.230623381905318,school,STL,,3.0,
4.0,10.604991749879394,school,STL,,3.0,
5.0,5.348905247719016,school,STL,,1.0,
6.0,12.498819479966132,school,STL,,3.0,
7.0,9.145775128642269,school,STL,,3.0,
8.0,8.59486526321326,school,STL,,3.0,
9.0,12.217893580751285,school,STL,,3.0,
10.0,9.500150626598645,school,STL,,2.0,
11.0,10.21573408487487,school,STL,,3.0,
12.0,8.248821812662497,school,STL,,3.0,
13.0,6.339195276596625,school,STL,,3.0,
14.0,10.849808532301454,school,STL,,3.0,
15.0,9.178443216776673,school,STL,,3.0,
16.0,8.80093620634895,school,STL,,1.0,
17.0,9.88637420283872,school,STL,,2.0,
18.0,9.141696625517827,school,STL,,1.0,
19.0,8.569744859622498,school,STL,,3.0,
20.0,8.596226680867296,school,STL,,3.0,
21.0,11.363572997683812,school,STL,,3.0,
22.0,11.491722786938878,school,STL,,3.0,
23.0,12.616265084118089,school,STL,,3.0,
24.0,7.7482369444568855,school,STL,,3.0,
25.0,9.254137589763864,school,STL,,3.0,
26.0,15.774074712513807,school,STL,,3.0,
27.0,10.597381649688424,school,STL,,1.0,
28.0,10.885609448350829,school,STL,,3.0,
29.0,8.72416356620098,school,STL,,3.0,
30.0,9.748200290129304,school,STL,,1.0,
31.0,12.62473672052309,school,STL,,3.0,
32.0,9.982917325578372,school,STL,,1.0,
33.0,10.124761467488668,school,STL,,3.0,
34.0,10.090130589937363,school,STL,,3.0,
35.0,13.048918636885745,school,STL,,1.0,
36.0,9.09089479689877,school,STL,,1.0,
37.0,7.681610082723466,school,STL,,3.0,
38.0,11.161423748416663,school,STL,,3.0,
39.0,10.348123057000373,school,STL,,3.0,
40.0,8.673116342633389,school,STL,,2.0,
41.0,10.42079104503947,school,STL,,3.0,
42.0,12.521821375641519,school,STL,,1.0,
43.0,11.532312501973893,school,STL,,3.0,
44.0,7.497464472708792,school,STL,,1.0,
45.0,9.990026926160427,school,STL,,3.0,
46.0,7.751408999455869,school,STL,,3.0,
47.0,11.206519473687548,school,STL,,3.0,
48.0,12.128630446564639,school,STL,,1.0,
49.0,10.25289000145377,school,STL,,3.0,
50.0,7.902061201694194,school,STL,,3.0,
51.0,9.193541770747936,school,STL,,1.0,
52.0,8.950624403031647,school,STL,,2.0,
53.0,8.205376445186792,school,STL,,3.0,
54.0,10.19070029986939,school,STL,,3.0,
55.0,13.403540423503138,school,STL,,3.0,
56.0,9.402204863993504,school,STL,,1.0,
57.0,13.539258558767177,school,STL,,3.0,
58.0,10.701594932598546,school,STL,,2.0,
59.0,8.660583217326423,school,STL,,3.0,
60.0,18.908154489488712,school,STL,,2.0,
61.0,13.006933395396647,school,STL,,3.0,
62.0,10.283267379329983,school,STL,,2.0,
63.0,9.751377126876895,school,STL,,3.0,
64.0,7.069706393546118,school,STL,,3.0,
65.0,8.498827541095789,school,STL,,1.0,
66.0,7.7464723100888895,school,STL,,1.0,
67.0,11.897017751207015,school,STL,,2.0,
68.0,6.715021068314122,school,STL,,1.0,
69.0,10.678422284111269,school,STL,,1.0,
70.0,10.38809355538186,school,STL,,3.0,
71.0,10.430711969049543,school,STL,,3.0,
72.0,6.228554199459991,school,STL,,1.0,
73.0,8.320171215482368,school,STL,,1.0,
74.0,8.349430000620098,school,STL,,1.0,
75.0,1.6657529167590233,school,STL,,1.0,
76.0,8.342238328125731,school,STL,,1.0,
77.0,11.493458648106557,school,STL,,3.0,
78.0,13.998980314886113,school,STL,,3.0,
79.0,9.274745546261265,school,STL,,3.0,
80.0,8.36624423958747,school,STL,,3.0,
81.0,12.114432738513477,school,STL,,3.0,
82.0,10.253532765812352,school,STL,,2.0,
83.0,7.572064265060104,school,STL,,2.0,
84.0,7.930191990175763,school,STL,,1.0,
85.0,13.434940973765483,school,STL,,3.0,
86.0,9.561260890738367,school,STL,,1.0,
87.0,9.891778919744567,school,STL,,3.0,
88.0,9.276053923143778,school,STL,,3.0,
89.0,9.110660595122548,school,STL,,3.0,
90.0,10.432093981873734,school,STL,,3.0,
91.0,8.637077749709135,school,STL,,2.0,
92.0,8.616220913680365,school,STL,,3.0,
93.0,6.3946542547444585,school,STL,,2.0,
94.0,9.625534627564369,school,STL,,3.0,
95.0,6.304971242013594,school,STL,,3.0,
96.0,10.57433596135685,school,STL,,1.0,
97.0,10.984212723002218,school,STL,,1.0,
98.0,10.446754926913295,school,STL,,1.0,
99.0,7.54331676797597,school,STL,,3.0,
100.0,9.713591166924175,school,STL,,3.0,
101.0,15.299795704433901,school,STL,,3.0,
102.0,11.278097519230036,school,STL,,3.0,
103.0,10.455435041213896,school,STL,,1.0,
104.0,12.341765871546507,school,STL,,3.0,
105.0,7.668929312039351,school,STL,,1.0,
106.0,7.730697050290718,school,STL,,3.0,
107.0,8.355780716430214,school,STL,,3.0,
108.0,13.569358935471584,school,STL,,3.0,
109.0,10.73299199286317,school,STL,,1.0,
110.0,9.294341432157513,school,STL,,3.0,
111.0,8.67369512075108,school,STL,,2.0,
112.0,11.693834122359382,school,STL,,3.0,
113.0,10.619648522002228,school,STL,,1.0,
114.0,11.348380056182144,school,STL,,3.0,
115.0,8.518820193781949,school,STL,,1.0,
116.0,7.676407636140888,school,STL,,1.0,
117.0,9.651624302703452,school,STL,,1.0,
118.0,14.202022787365944,school,STL,,3.0,
119.0,18.439623890356554,school,STL,,3.0,
120.0,12.340541033736805,school,STL,,1.0,
121.0,11.128796747664413,school,STL,,3.0,
122.0,12.073137209602418,school,STL,,3.0,
123.0,10.670873149914387,school,STL,,3.0,
124.0,7.002696161141049,school,STL,,1.0,
125.0,9.69633424327903,school,STL,,3.0,
126.0,10.868261897992086,school,STL,,2.0,
127.0,11.82799022183146,school,STL,,3.0,
128.0,9.58388807917416,school,STL,,1.0,
129.0,12.541603394231702,school,STL,,3.0,
130.0,11.66090911953122,school,STL,,3.0,
131.0,10.606002443055587,school,STL,,1.0,
132.0,9.23746712802638,school,STL,,2.0,
133.0,7.953327316749871,school,STL,,1.0,
134.0,12.812533609988938,school,STL,,3.0,
135.0,9.52571725245313,school,STL,,2.0,
136.0,8.346205932083418,school,STL,,1.0,
137.0,11.06635316263761,school,STL,,3.0,
138.0,8.799650644638977,school,STL,,3.0,
0.0,2.0208543497947002,computer,STL,,3.0,
1.0,0.6825671131088731,computer,STL,,1.0,
2.0,3.10695587589518,computer,STL,,3.0,
3.0,1.746556225289537,computer,STL,,1.0,
4.0,2.256469540014455,computer,STL,,1.0,
5.0,1.2594281959247327,computer,STL,,2.0,
6.0,2.1794039335051743,computer,STL,,1.0,
7.0,0.9487412254258584,computer,STL,,1.0,
8.0,3.1922028598736962,computer,STL,,3.0,
9.0,1.465351470247634,computer,STL,,1.0,
10.0,2.6568402351362774,computer,STL,,3.0,
11.0,2.2832266184386496,computer,STL,,3.0,
12.0,3.068478596594535,computer,STL,,1.0,
13.0,1.9923548558157287,computer,STL,,3.0,
14.0,1.6683221007023348,computer,STL,,3.0,
15.0,0.913461843143572,computer,STL,,1.0,
16.0,1.0963531457894484,computer,STL,,1.0,
17.0,1.353414373792005,computer,STL,,3.0,
18.0,1.4137794667508177,computer,STL,,1.0,
19.0,0.8018583654743473,computer,STL,,1.0,
20.0,1.0371790068765747,computer,STL,,1.0,
21.0,3.2819769647090085,computer,STL,,3.0,
22.0,1.248153048740756,computer,STL,,1.0,
23.0,1.8560684594024048,computer,STL,,1.0,
24.0,0.2623648053959959,computer,STL,,1.0,
25.0,1.6838501665498977,computer,STL,,3.0,
26.0,0.6081135002248056,computer,STL,,1.0,
27.0,1.4553907437272984,computer,STL,,3.0,
28.0,1.8545931364472628,computer,STL,,1.0,
29.0,0.48726529436081406,computer,STL,,1.0,
30.0,3.3769189808691054,computer,STL,,3.0,
31.0,0.1529499282255129,computer,STL,,3.0,
32.0,3.2239396029266767,computer,STL,,3.0,
33.0,1.0113145080210553,computer,STL,,1.0,
34.0,0.8420498872595038,computer,STL,,1.0,
35.0,3.006240320088315,computer,STL,,1.0,
36.0,3.2864621395703444,computer,STL,,1.0,
37.0,0.8448139566688294,computer,STL,,1.0,
38.0,1.0401762441721347,computer,STL,,1.0,
39.0,2.729001716064897,computer,STL,,3.0,
40.0,1.4862923822085006,computer,STL,,1.0,
41.0,2.6256927969226593,computer,STL,,3.0,
42.0,0.03505917520247204,computer,STL,,1.0,
43.0,2.015724952880518,computer,STL,,1.0,
44.0,2.662712032671547,computer,STL,,3.0,
45.0,0.8557171241911046,computer,STL,,1.0,
46.0,1.000431288298467,computer,STL,,3.0,
47.0,2.0003559336439514,computer,STL,,1.0,
48.0,2.067982626526901,computer,STL,,1.0,
49.0,0.7957371713184852,computer,STL,,1.0,
50.0,0.788665902580332,computer,STL,,1.0,
51.0,2.6655077384147,computer,STL,,1.0,
52.0,1.9624419382272211,computer,STL,,1.0,
53.0,1.8961346041477118,computer,STL,,3.0,
54.0,1.2016688094181054,computer,STL,,1.0,
55.0,3.0425194195512697,computer,STL,,1.0,
56.0,2.4514246598961043,computer,STL,,1.0,
57.0,4.4660806658754835,computer,STL,,3.0,
58.0,2.983299291902456,computer,STL,,3.0,
59.0,1.5863107322085284,computer,STL,,1.0,
60.0,1.203282552568636,computer,STL,,1.0,
61.0,2.2291573987879163,computer,STL,,3.0,
62.0,1.0234390408570901,computer,STL,,1.0,
63.0,0.7322689169732395,computer,STL,,1.0,
64.0,3.4437163362899854,computer,STL,,3.0,
65.0,5.296508292493583,computer,STL,,3.0,
66.0,0.6090681244253382,computer,STL,,1.0,
67.0,2.2139382760657527,computer,STL,,3.0,
68.0,2.2679593325655265,computer,STL,,3.0,
70.0,3.2342267771074895,computer,STL,,3.0,
71.0,3.242126117458697,computer,STL,,3.0,
72.0,2.069696429389524,computer,STL,,3.0,
74.0,3.5551686994115403,computer,STL,,3.0,
75.0,2.590385505933639,computer,STL,,1.0,
77.0,1.9575369277324535,computer,STL,,1.0,
78.0,1.9724995029396115,computer,STL,,3.0,
79.0,3.0206340683913626,computer,STL,,3.0,
80.0,2.824223701543873,computer,STL,,3.0,
81.0,3.282689221788634,computer,STL,,3.0,
82.0,4.066983298345869,computer,STL,,3.0,
83.0,3.2036498037518495,computer,STL,,1.0,
84.0,1.8702430164179757,computer,STL,,1.0,
85.0,1.1092713891050803,computer,STL,,2.0,
86.0,3.090089893057875,computer,STL,,3.0,
87.0,5.146370950529271,computer,STL,,3.0,
88.0,4.022893755663555,computer,STL,,3.0,
89.0,2.176883068720043,computer,STL,,1.0,
90.0,3.1336658179213224,computer,STL,,3.0,
91.0,3.5087490209863623,computer,STL,,1.0,
92.0,2.3731758524624595,computer,STL,,3.0,
93.0,4.619691048173933,computer,STL,,3.0,
94.0,1.716842673777708,computer,STL,,3.0,
95.0,3.8849076262349898,computer,STL,,3.0,
96.0,1.6046973241273768,computer,STL,,1.0,
97.0,4.573506975317766,computer,STL,,3.0,
98.0,3.9404035110172275,computer,STL,,3.0,
99.0,0.7594993584087093,computer,STL,,3.0,
100.0,1.7382983515133223,computer,STL,,1.0,
101.0,2.822658705630778,computer,STL,,3.0,
102.0,4.33609875606381,computer,STL,,3.0,
103.0,1.233348675546038,computer,STL,,1.0,
104.0,0.9419171511990372,computer,STL,,1.0,
105.0,3.3555421500779636,computer,STL,,1.0,
106.0,2.508001750322474,computer,STL,,3.0,
107.0,4.622258056887139,computer,STL,,3.0,
108.0,2.8286576235496015,computer,STL,,3.0,
109.0,5.569530382480086,computer,STL,,3.0,
110.0,1.6126006606010737,computer,STL,,1.0,
111.0,3.069585493396453,computer,STL,,1.0,
112.0,1.6618591983744877,computer,STL,,3.0,
113.0,2.528683273586097,computer,STL,,2.0,
114.0,2.2734929499119914,computer,STL,,3.0,
115.0,3.2728885374177863,computer,STL,,3.0,
116.0,1.2871525161572628,computer,STL,,1.0,
117.0,2.901458029591986,computer,STL,,3.0,
118.0,3.111892183070125,computer,STL,,3.0,
119.0,1.9746729241429648,computer,STL,,3.0,
120.0,2.5287385559449653,computer,STL,,1.0,
121.0,3.2150784232220917,computer,STL,,3.0,
122.0,4.179608271846998,computer,STL,,1.0,
123.0,2.7315409531535058,computer,STL,,3.0,
124.0,2.3274724752268994,computer,STL,,1.0,
125.0,6.148170459575759,computer,STL,,3.0,
126.0,2.073774607175107,computer,STL,,3.0,
127.0,3.827736045325594,computer,STL,,3.0,
128.0,0.7506543055649503,computer,STL,,1.0,
129.0,3.224279687499622,computer,STL,,3.0,
130.0,5.47367229442276,computer,STL,,3.0,
131.0,3.2018124147494347,computer,STL,,3.0,
132.0,0.5528367895994537,computer,STL,,1.0,
133.0,3.703602838179319,computer,STL,,3.0,
134.0,7.164242693871428,computer,STL,,3.0,
135.0,3.396995364328904,computer,STL,,3.0,
136.0,1.8382081777669987,computer,STL,,3.0,
137.0,0.24854737741595648,computer,STL,,1.0,
138.0,4.1396773493807855,computer,STL,,3.0,
139.0,3.070253858066051,computer,STL,,3.0,
140.0,2.438470573363206,computer,STL,,3.0,
141.0,1.3998305736580376,computer,STL,,1.0,
142.0,3.8779448433772177,computer,STL,,1.0,
143.0,3.398832939994809,computer,STL,,1.0,
144.0,3.5558510257385687,computer,STL,,3.0,
145.0,1.8159443867806793,computer,STL,,3.0,
146.0,1.4822937168828207,computer,STL,,1.0,
147.0,3.0794494492577216,computer,STL,,3.0,
148.0,2.1208255177877877,computer,STL,,1.0,
149.0,3.9705250470733073,computer,STL,,3.0,
150.0,5.3151171899275385,computer,STL,,3.0,
151.0,3.6766762641701045,computer,STL,,3.0,
152.0,2.3924896705960292,computer,STL,,1.0,
153.0,3.385545418285917,computer,STL,,3.0,
154.0,4.491507800790061,computer,STL,,3.0,
155.0,3.4605259309241068,computer,STL,,3.0,
156.0,3.9000767383580506,computer,STL,,1.0,
157.0,2.3437715262692653,computer,STL,,1.0,
158.0,1.0479934411788896,computer,STL,,1.0,
159.0,4.567182894603347,computer,STL,,3.0,
160.0,4.3026765751718035,computer,STL,,3.0,
161.0,2.645017857567108,computer,STL,,3.0,
162.0,3.02340712207997,computer,STL,,3.0,
163.0,2.603114842702505,computer,STL,,3.0,
164.0,1.125743991141422,computer,STL,,1.0,
165.0,2.4436777650377772,computer,STL,,3.0,
166.0,4.365985322493343,computer,STL,,3.0,
167.0,0.9133131323235303,computer,STL,,3.0,
168.0,3.1570486206907438,computer,STL,,3.0,
170.0,2.9046459186789964,computer,STL,,3.0,
171.0,2.6012846108442735,computer,STL,,1.0,
172.0,1.8102771567504563,computer,STL,,1.0,
173.0,0.8520864993744893,computer,STL,,1.0,
174.0,2.882297703472806,computer,STL,,2.0,
175.0,4.560876226129916,computer,STL,,3.0,
176.0,1.9762847476142085,computer,STL,,1.0,
177.0,2.241128055034404,computer,STL,,3.0,
178.0,2.915255160265044,computer,STL,,3.0,
179.0,2.7728629250619323,computer,STL,,3.0,
180.0,2.9025004969249717,computer,STL,,3.0,
181.0,2.170617118022666,computer,STL,,3.0,
182.0,1.5474736977949997,computer,STL,,1.0,
183.0,1.2098755455274413,computer,STL,,1.0,
184.0,4.173731796217571,computer,STL,,3.0,
185.0,3.221118209978572,computer,STL,,3.0,
186.0,1.5630088496191827,computer,STL,,3.0,
187.0,3.8721686253288996,computer,STL,,3.0,
188.0,1.9384585206653266,computer,STL,,3.0,
189.0,2.1291538630402598,computer,STL,,1.0,
1.0,0.3284112723668631,parkinson,STL,,3.0,
2.0,0.18420464187469468,parkinson,STL,,1.0,
3.0,0.28830229904387455,parkinson,STL,,2.0,
4.0,0.2755683020496285,parkinson,STL,,1.0,
5.0,0.24476802287794977,parkinson,STL,,3.0,
6.0,0.23359833982813308,parkinson,STL,,3.0,
7.0,0.27931467667087284,parkinson,STL,,1.0,
8.0,0.19950474562959197,parkinson,STL,,3.0,
9.0,0.17440406359561025,parkinson,STL,,1.0,
10.0,0.10621503554109199,parkinson,STL,,3.0,
11.0,0.8422136674459095,parkinson,STL,,1.0,
12.0,0.39588238330036324,parkinson,STL,,3.0,
13.0,0.44886757171024905,parkinson,STL,,3.0,
14.0,0.28998254129554546,parkinson,STL,,2.0,
15.0,0.20194913565555705,parkinson,STL,,2.0,
16.0,0.18439121576703915,parkinson,STL,,3.0,
17.0,1.600841351609686,parkinson,STL,,3.0,
18.0,0.04980832962906149,parkinson,STL,,2.0,
19.0,0.2738932847590451,parkinson,STL,,2.0,
20.0,0.1470710687888872,parkinson,STL,,2.0,
21.0,0.8632778133075837,parkinson,STL,,3.0,
22.0,0.4966048632704391,parkinson,STL,,2.0,
23.0,0.4045848549152715,parkinson,STL,,3.0,
24.0,0.12703122696446784,parkinson,STL,,1.0,
25.0,0.3036572374607891,parkinson,STL,,3.0,
26.0,0.5507480272031132,parkinson,STL,,1.0,
27.0,0.14722462988158594,parkinson,STL,,1.0,
28.0,0.42565354460290955,parkinson,STL,,1.0,
29.0,0.6220649471742108,parkinson,STL,,3.0,
30.0,0.3259706285882868,parkinson,STL,,2.0,
31.0,1.0728633272945842,parkinson,STL,,1.0,
32.0,0.8094349950678442,parkinson,STL,,3.0,
33.0,0.16770958610019257,parkinson,STL,,3.0,
34.0,0.47377216519601667,parkinson,STL,,1.0,
35.0,0.352319918438099,parkinson,STL,,2.0,
36.0,0.16935545202882593,parkinson,STL,,3.0,
37.0,0.23064846374495546,parkinson,STL,,2.0,
38.0,0.3777574132306032,parkinson,STL,,3.0,
39.0,0.3194036862795486,parkinson,STL,,3.0,
40.0,0.30728349972029934,parkinson,STL,,3.0,
41.0,0.4222107909729479,parkinson,STL,,3.0,
42.0,0.7377818723209755,parkinson,STL,,3.0,
0.0,,landmine,STL,0.9411764705882353,,2.0
1.0,,landmine,STL,0.9236641221374046,,2.0
2.0,,landmine,STL,0.9407407407407408,,2.0
3.0,,landmine,STL,0.9629629629629629,,2.0
4.0,,landmine,STL,0.9636363636363636,,2.0
5.0,,landmine,STL,0.9724770642201835,,2.0
6.0,,landmine,STL,0.941747572815534,,2.0
7.0,,landmine,STL,0.9418604651162791,,2.0
8.0,,landmine,STL,0.9203539823008849,,2.0
9.0,,landmine,STL,1.0,,2.0
10.0,,landmine,STL,0.9266666666666666,,2.0
11.0,,landmine,STL,0.9655172413793104,,2.0
12.0,,landmine,STL,0.9494949494949495,,2.0
13.0,,landmine,STL,0.9380530973451328,,2.0
14.0,,landmine,STL,0.9595959595959596,,2.0
15.0,,landmine,STL,0.9509803921568627,,2.0
16.0,,landmine,STL,0.9215686274509803,,1.5
17.0,,landmine,STL,0.9387755102040817,,1.5
18.0,,landmine,STL,0.9885057471264368,,2.0
19.0,,landmine,STL,0.9222222222222223,,2.0
20.0,,landmine,STL,0.9404761904761905,,2.0
21.0,,landmine,STL,0.8809523809523809,,2.5
22.0,,landmine,STL,1.0,,2.0
23.0,,landmine,STL,0.8681318681318682,,2.0
24.0,,landmine,STL,0.9534883720930233,,2.0
25.0,,landmine,STL,0.9560439560439561,,1.5
26.0,,landmine,STL,0.9506172839506173,,2.0
27.0,,landmine,STL,0.963855421686747,,2.0
28.0,,landmine,STL,0.9340659340659341,,2.0
0.0,,adult_gender,STL,0.9064748201438849,,3.0
1.0,,adult_gender,STL,0.7995395948434623,,3.0
0.0,,adult_race,STL,0.89937106918239,,2.0
1.0,,adult_race,STL,0.7666666666666667,,3.0
2.0,,adult_race,STL,0.903267136450993,,3.0
3.0,,adult_race,STL,0.8444444444444444,,1.0
4.0,,adult_race,STL,0.7921984798508533,,3.0
