-1.903317473146420580e-01,5.782489425164260011e-01,7.953443573969154468e-02,1.231932263086431778e+00,-8.358750980105825734e-01,3.805968826382095660e-01,1.236863464206332530e+00,3.806732711751454334e-01,6.051165104143936269e-01,3.771398357149405856e-01,1.010519024958393963e+00,1.895749051121198958e+00,-1.668141879024071406e+00,7.179845919405042354e-01,1.959473158379392010e-01,5.228779402801788656e-01,8.027537094756415081e-01,3.972017071420992917e-01,5.963563571084190551e-01,5.457831789761962149e-01,-5.922753896296072407e-01
5.903239186138433681e-01,4.993498043918891960e-01,3.943825511269458683e-01,1.286672059587865125e+00,-1.226656449723433129e+00,-2.585841310622445377e-01,7.740694646385208877e-01,-1.161764401861550944e+00,3.729771581324493601e-01,-1.168557450460275149e+00,7.441749542264403106e-01,-9.505042030877346448e-01,1.031363516421268445e+00,9.097636625683868106e-01,1.733836789216115504e-01,-9.341695721352005766e-02,-1.213187092818741875e-01,1.719501751020884595e-01,-3.707859814908439633e-01,3.228506114929428072e-01,-2.613781918010742444e-01
-2.104623758060720107e+00,1.988389250104662276e+00,-3.931830209838396706e-01,-2.792278910154347926e+00,-8.873535959682699037e-01,2.882515038907339289e+00,1.080909465152187332e+00,6.611475879971882019e-01,-1.816301074405292981e+00,2.002381231805953066e-01,-4.660930868601129845e-02,-3.072722753948819996e-01,-1.203418127271622451e+00,-1.872687411940608504e+00,4.059900116929748393e+00,2.127395387883161071e+00,4.259208527176912007e+00,9.853599387443200408e-01,1.605349937365094570e+00,2.372308642839621395e+00,3.245658997678209534e+00
-9.015438405486438933e-01,-4.719954294817025331e-01,-1.973762981210624323e+00,1.267330365694950389e+00,1.252545442771491713e+00,3.243822850093615040e-01,-5.210898589299409744e-01,-1.293701019649455830e+00,-1.270231668196807329e+00,-1.841908546248220979e+00,2.977331198363580844e-01,-7.780167801717630116e-01,5.952884314514509390e-01,4.984323228269711414e-01,-1.087056450781365369e+00,2.648113327699676556e-01,-1.975019457171362236e-01,-1.440730909644324820e+00,-1.132553444527116371e+00,-7.256308336719533014e-02,-1.742610932821477832e+00
-4.307068754812382050e-01,-1.210246102966372056e-01,1.812193422627114969e-01,1.632425845582249790e+00,-6.625189629304122363e-01,-7.010822422200966297e-01,3.366555450444157493e-01,-1.039593721884741750e+00,7.792019950359025948e-01,-1.156721120824996119e+00,-1.630545166256545775e+00,1.102133278240005954e+00,-9.288377658968425266e-01,1.062507069744645927e-01,-2.833334296698312715e-01,-4.693161336024751634e-02,-1.003408622881791556e+00,-2.870680396983022464e-01,-5.138173411960945680e-01,9.078908369954916124e-02,-1.158048332395212432e+00
-5.941734394794050411e-01,-6.734828622746497073e-01,-1.713860689631812040e-01,-9.988055985355859256e-02,-6.949861373045370661e-01,3.965672028908838742e-01,-9.307517478693921875e-02,6.992766238996053207e-01,5.142179443120987736e-01,1.801529672428189011e-01,9.518080939065763912e-01,-5.452524989712553838e-01,-6.377064210900963426e-01,-3.717442662071813730e-01,-9.146831818636252942e-01,2.787475726460230119e-01,1.776953781906287499e-01,-7.794418136078751225e-01,-8.564161825613028078e-01,-2.778736482674716290e-01,-1.022615643112387840e+00
-1.603320401013236474e+00,6.680650850765996740e-01,-3.411912056973853136e-01,-2.529397485981229377e+00,-6.414162612334843860e-01,2.165481149080176859e+00,1.480016572774411232e+00,2.037136359655113971e-01,5.513734194261712407e-01,-4.747724259723750118e-01,-4.891526826738619160e-01,-2.619391800423163108e-01,-3.024800272677768409e-01,-8.637239895089411368e-01,5.975340659729233561e-01,1.845897617516115918e+00,1.213237784929793506e+00,1.507506090206998994e+00,4.060622231502570290e-01,9.349653669365044495e-01,-2.156615715099459152e+00
-5.224341109798196214e-01,-1.247911737736834947e+00,5.390883450910718411e-01,-4.764417521489583973e-01,1.410219948847787119e+00,1.069065000724022330e+00,7.320101747804776959e-01,1.156381313529690535e+00,1.209913465444149683e+00,1.211104453601551389e-01,1.303131462274009333e+00,-3.259647804728983966e-01,5.480157800640189647e-01,-6.680755416802110214e-02,-9.316595974748724529e-02,2.178965427073748795e-01,-5.559355526520121105e-01,-2.249083497748283478e-01,6.214708448888527255e-03,4.729099200492852817e-01,-1.340825759806122619e+00
-1.079730997154322969e+00,-1.783479211408878884e+00,-1.291386943392824671e+00,6.058705556446707385e-01,-7.171995875120275032e-01,-5.308427445793888477e-01,-1.770781051529831007e+00,-6.937566377543064045e-01,-8.220571786721466712e-01,-4.936206002259688752e-01,-1.850701196915724545e+00,-6.791147701876759646e-02,1.154814859425469908e+00,-2.083721340783965814e-02,-8.158604143032517353e-01,-9.497292300375915763e-01,-2.003299595333595473e+00,-5.842984884771105225e-01,-9.864687462075774071e-01,-1.443151611142190038e+00,-7.785556969343586653e-01
-6.170186903198661144e-01,-1.085628770465828952e+00,-1.331339714701721633e+00,-6.100861326124655884e-03,1.274867347510890037e+00,-1.254789995212282516e+00,-1.022813242374708054e+00,7.002125401889360834e-01,-5.930230262955992204e-01,-1.055697696450250689e+00,-1.611007663171766247e+00,-1.177683108733165396e+00,-7.983116474345826052e-01,-1.411496407253520768e+00,-1.195490274082531945e+00,-1.010692755319943181e+00,-1.989707828130449774e-01,-1.102809902950321552e+00,-1.954559626330008015e+00,-1.718068782576855913e+00,-2.080392199005257348e-01
-4.700188937659026487e-04,-1.090309730268760546e+00,2.594925888928772406e-01,1.836987401020284683e-01,-5.609887746644069972e-01,-6.181915255348414684e-01,-5.581866425421476707e-01,1.229336833975045007e+00,3.065388673565134225e-01,1.155562736095548937e+00,9.857837322519283907e-01,-4.042301332564862681e-01,-1.120756320370396991e-01,-1.036933780632376314e-03,-9.088274262442280760e-01,-1.975876176069404078e-01,-6.419129439229261935e-01,-1.440730909644324820e+00,-2.328423918897812861e-01,-5.863767900110349318e-01,-5.221706392838051380e-01
-1.246186993017732725e+00,-1.865128540133496049e+00,4.327667300868226485e-01,-3.001797433409307825e-01,-2.241086542647692803e-01,3.228006148567674760e-01,1.530957979420309312e-01,-7.919248020936110466e-01,-9.459592267638246010e-01,1.614080837124229006e+00,-6.360821243276759684e-01,-1.054990373501484974e-01,-9.288377658968425266e-01,2.482098882553664676e-01,-1.120070539149765398e+00,3.272486961034599129e-01,-8.193635276468226314e-01,-3.530231294338513903e-01,8.373144041061241216e-01,8.805255928873323423e-01,-1.704315581534193713e+00
-1.041692097748420753e+00,-4.186596161997366394e+00,-5.239154243475274697e-01,7.758116470196348979e-01,9.898597916546328923e-01,-1.542071923406311829e+00,-2.444681809094226832e+00,-7.508298344255922574e-01,1.018436798469989579e+00,-1.378234526215991407e+00,-4.586049897237531314e-01,3.227122441796675401e-01,-1.804758321707867097e+00,-1.070596481067140004e+00,-1.825598109818044712e+00,-1.726626479544788095e+00,-2.481913282519567776e+00,-1.562072593044623092e+00,-3.263284799547532256e+00,-1.497033841530752918e+00,4.869486662672430910e-01
-3.010806505978250502e+00,3.782192607701717613e-01,-9.609727999077919414e-01,-2.191104430538453052e+00,-5.418046113863408397e-01,1.473917035521371988e+00,1.709644956244993574e+00,6.494369143714131543e-01,-1.856122957301184373e+00,-1.168557450460275149e+00,-1.107021144067917628e+00,-1.682536223947032061e+00,-6.988196871263088195e-01,-8.072011529762718185e-01,6.151063219452832520e-01,1.698241787131174574e+00,1.361675690380851789e+00,1.010276127757685272e+00,2.267639755489411491e-01,8.935815934780333425e-01,-1.570749936447539463e+00
-4.566093141147796741e-01,8.970383687203569156e-01,1.263246621801806802e+00,2.397252234221896594e-01,1.163890241267078407e+00,1.049937505744211519e+00,1.149232998386668259e+00,-1.251784994239230286e+00,1.478652816898675393e-01,1.690992589957790226e+00,8.243759569724848912e-01,-2.798395910561514155e-01,-1.295313436745359481e-01,2.641097608794002460e-01,1.046468896889370531e-01,1.897771867067536089e+00,9.868027032081743144e-01,7.669465346061448141e-01,1.107338588705161442e+00,1.106487927015145978e+00,4.204221620773131163e-02
-2.355492623740420011e-01,1.036762294807516138e+00,1.555901453104559851e+00,3.014047877927877872e-02,1.492140853801706912e+00,9.704318804007489030e-01,1.097716117955408244e+00,8.516666589713091096e-01,2.890484831445727099e-01,-8.081361520338375959e-01,-7.586098021241819422e-01,1.390599007820392252e+00,-2.714458691137906499e-01,5.333156535472681758e-01,1.079897571988142735e+00,2.092887777349721645e+00,6.618729602190673855e-01,6.281458752978776872e-01,1.754932693224135809e+00,1.106487927015145978e+00,6.526525168964053721e-03
-9.322105144394574050e-02,1.065782363607971073e+00,1.885010639129564458e+00,3.938670111452926559e-01,-3.197580703138795388e-01,1.147464326541893564e+00,1.234933307713703465e+00,-1.240106493442164837e+00,9.116861460251396432e-01,-7.184796937076761703e-01,1.151884916611176424e+00,1.358565004368446738e+00,-7.983116474345826052e-01,6.268059986165426256e-01,6.430077017644644233e-01,2.078956352509159888e+00,1.008518664570310364e+00,8.813797268764377302e-01,1.394901824407295710e+00,7.169221153677289848e-01,8.171715990564497600e-01
-2.728836686042786508e-01,1.167477871745508988e+00,1.206743532437430488e+00,2.690902991155361135e-01,1.878104238638335755e+00,8.688018165696412831e-01,1.272829345442545002e+00,-6.972353082183017081e-01,-5.425211449647424633e-01,5.092252868226199158e-01,-8.437152640078116050e-01,1.245591859490158271e+00,-2.918753679785342919e-02,1.376865389631995784e+00,2.456729770727141271e-01,1.585257323982351751e+00,-6.169616581083067763e-02,6.941155302772985536e-01,1.191239751396240942e+00,6.621387677160640584e-01,3.316411873896447093e-01
-1.526903935417202873e-01,9.510842286395899681e-01,1.500363879499780451e+00,-4.190808404667322185e-01,1.413994221202532868e-02,7.178529617392647166e-01,1.026333107766046249e+00,-1.715479894220747203e+00,-9.988327381825930218e-02,-4.201396661245438424e-01,1.218934415732284338e+00,1.883017840915101271e+00,5.524090183597312187e-01,9.191346919315407371e-01,4.036292615656075083e-02,1.655108901057797954e+00,1.272669097155675333e+00,6.711830614194930211e-01,1.139933529137820312e+00,9.387284346902405874e-01,-3.823146097788068104e-02
2.622498875553699871e-01,1.014074677917569556e+00,1.270805129747052398e+00,-4.503165997298052559e-01,1.410219948847787119e+00,8.554581242830804344e-01,1.608028920239452653e+00,7.690335988322298810e-01,-9.196283402164213694e-01,1.046923780414743099e+00,-9.951250298097814861e-02,2.276910282008452135e+00,-8.159246262070629641e-01,5.424837547061478471e-01,1.728028667137135876e-01,1.800107254990926497e+00,1.196887977379138768e+00,8.961780221140216440e-01,1.508943851977056605e+00,9.679406411265747412e-01,-2.259833772519410089e-01
-3.049762279537700516e-01,5.916477828709960640e-01,1.305739697424674439e+00,-2.995153808765669834e-01,-1.013276349532067799e+00,1.022472019521878828e+00,8.616885237692186728e-01,1.108420973976421697e+00,4.799673232947481716e-01,-1.003434798040055531e+00,-1.850701196915724545e+00,4.293816301552544346e-01,-1.963619579926263015e+00,8.575779016352505502e-02,7.535003645810174344e-01,1.126803305828489865e+00,1.838542484916317665e+00,1.035892617704007534e+00,3.358206753947283185e-01,1.066000189739262805e+00,2.602559353521085028e-01
-3.448341479260587095e-01,7.438215524966557135e-01,1.436371740276067177e+00,-4.208816977257248682e-01,7.974923329909000547e-01,7.155642659875454115e-01,4.472311091908423575e-01,3.047314807342898502e-01,-1.942116808475912171e+00,-8.515095642983316893e-01,6.646111475752435327e-01,3.479186666205880130e-01,-5.526533329938139172e-01,3.693658211227174998e-02,1.861329282246306227e-01,9.196795317942640935e-01,1.498407377398610851e+00,5.292389285889486095e-01,1.302714183590789054e-02,8.424104629218308604e-01,1.096834775030218312e+00
2.156350320170557777e-01,-1.363042644253202207e+00,-1.231789856511928960e+00,2.380055675105564317e-01,1.303362643363287665e+00,-9.342269335992796353e-02,-1.831409374633652387e-01,8.781061567867017859e-01,4.892422719228887162e-01,-2.806386879402623588e-02,-1.039726088953796479e+00,-1.287109380154960458e-01,-1.034046080948627822e+00,2.744188923132320768e-01,-1.093274310141135519e+00,5.044357411478126579e-02,-6.413300239516207535e-01,-1.360130985482523203e+00,-6.833630010170823610e-01,-4.958148549414401196e-01,1.316395681238901050e-01
1.836337545767185442e-01,-6.788128111173322710e-01,-8.081721345664217848e-01,-4.710494222071574533e-01,-9.414731464006682593e-01,8.928438212678901920e-02,-7.479192340276921147e-01,1.154552693271495567e+00,-1.742051119312723495e+00,1.250465171719503665e+00,-1.079092486831227937e-01,-1.199019167046964540e+00,2.928763643740944222e-01,1.280843124634427177e+00,-8.126222238510273366e-01,-4.347893131927649812e-01,-9.746720558577973703e-01,-1.143016710704439109e+00,1.732759502485308190e-01,-1.700688165861288792e-01,3.428410096236607640e-01
-1.058321273226015657e+00,-1.111063684326819789e+00,-6.094939221781712213e-01,4.949522145248120286e-01,6.907689946258764868e-01,-2.396063642269153082e-01,-1.133207842032779800e+00,1.256285545841002937e+00,-1.707314528232724449e+00,1.458952773051492180e+00,-8.437152640078116050e-01,-1.361817540661677040e+00,9.874238100957936082e-01,5.918135370193831069e-01,-2.343061935172202903e-01,-9.163329776432467266e-01,-2.687171843670643323e+00,-1.106700408432296223e+00,-1.440880872004031144e+00,-1.504159603567157388e+00,-4.678204407279802357e-01
-7.743927719769644336e-01,-9.438833303218404636e-01,-2.070028372384447479e+00,-3.296379667437617789e-01,-4.595473957846532009e-01,-9.883148477598044934e-01,-1.132195618307163976e+00,7.495658410341856648e-01,-1.015761286946075259e+00,4.635283463377377622e-01,-1.298577732713127819e+00,-1.116145375098007264e+00,-5.127500833692159032e-01,9.472822438821209001e-01,-4.915787934470203790e-01,-5.929977220996499598e-01,-1.365388419177293367e+00,-1.263171750402029447e+00,-5.132397371270571718e-01,-1.593014685832841337e+00,1.380594466907482908e-02
-7.171211425018043650e-01,-9.099769186958485134e-01,-3.988692212611993360e-01,-2.893798737260884768e-01,6.299394761158042533e-01,-6.923129979150701718e-01,-5.950510595014756321e-01,5.334249776664145015e-01,-2.728551907956964021e-02,5.578130684719441179e-01,4.136286396393301645e-01,-2.531014802158309540e-01,-6.831794514560740605e-01,1.952394628835494861e-01,1.123632499741343688e-01,-4.526333870789784469e-02,5.993268717248542155e-01,-1.207975472259766647e+00,-1.549233618180844596e+00,-5.610167932702329052e-01,5.387770560356633931e-01
-9.150757035986460952e-01,-1.053344448812385398e-01,4.179636956662421410e-01,-5.458352266232600059e-01,-3.120845825803957863e-01,4.978603856972667052e-01,-3.401495525324229607e-01,-1.628321821534757685e+00,-1.423031238206537985e+00,1.109737422054180689e+00,1.043876213818996534e+00,5.071925911365020995e-02,2.094936834512708002e-03,-6.318315018431119867e-01,-7.724396111466446113e-01,-1.411544859789568181e-02,1.676385820458179854e+00,-2.971273773813548624e-01,3.968610143718002692e-01,-2.381612733375565102e-02,-1.907950703492117608e-02
-2.120385155502162888e+00,-6.477198773388419539e-01,-1.020297766632789344e-01,-9.753849941084793973e-02,-2.745325795082375064e-01,1.027656505446415736e+00,-2.576674269125514005e-01,9.358566667001840811e-01,-6.105761048806634950e-01,4.292688453763974232e-01,1.078678665939955206e+00,-1.616508539568486835e+00,-1.963619579926263015e+00,-1.812170821779210295e+00,-1.396303011667058502e+00,3.149096850190614694e-01,-6.913617224800010508e-01,-8.834081246221980876e-02,8.513923500317544186e-04,3.240831661014494380e-01,2.777453986768482208e-01
-1.696585148929413034e+00,-5.837026299725105449e-01,-4.007697383010067615e-01,2.767036601050636979e-01,4.641595926031324981e-01,5.762109681030509467e-01,-3.462514183680422408e-01,-2.490536168697475572e-01,-5.862066160838382521e-03,-5.257904934082034965e-01,9.759944504472811699e-01,-4.456510878738674797e-01,-5.801901926930176367e-01,-1.008222008186052010e+00,-1.047391993058525816e+00,-9.341695721352005766e-02,3.471721479787890918e-01,-3.236250274745823274e-01,-2.249499425699000021e-01,2.776447768313171083e-01,-5.826665529577303992e-01
2.420417192092318981e+00,1.511589228671203156e+00,7.953443573969154468e-02,-2.383337371127309368e+00,-2.311662050789868861e-01,2.849213457577194353e-01,1.766201463578878528e+00,1.400685501673257782e+00,-1.640276103845206557e-01,-3.513774364122329574e-01,-1.217440665698731772e+00,1.561585259875654552e+00,1.240853622582973825e+00,1.366694666921793422e+00,1.744691959184609065e+00,1.164513566597287664e+00,-4.097411536717436853e-01,1.369284596688513655e+00,1.356024950804599394e+00,9.556462748788628891e-01,1.587989414453270687e+00
-1.466612745321409783e-01,4.994559894835031710e-01,-1.177914085280231671e+00,-3.339922648305750918e-01,-6.207273647826643259e-01,9.892557868084504991e-01,7.591319060188455037e-01,9.748536640097011929e-01,1.176833434088708996e+00,-1.602882321357357309e+00,1.147169917602455458e+00,-3.161584424098794893e-02,7.099543770631959738e-01,-1.661316655592782077e+00,3.454388318593595297e-01,4.140733544600676552e-01,1.432507882008283273e+00,1.006411361781819336e+00,9.493163308454043436e-01,6.317321484346839489e-01,-7.134626870179472391e-01
2.334434480807618062e+00,1.338740527062554753e+00,1.023311753828919368e-01,-3.089653622238799802e+00,1.890500494078346083e+00,3.146045763494881298e-01,1.400072720129424741e+00,1.205764297092005499e+00,5.522778653876359717e-02,1.295535545180161341e+00,-1.509995757972331654e-01,-3.941238459306000141e-01,1.485065939902972865e+00,1.122115597010772126e+00,1.679619870871441378e+00,7.486989161604254983e-01,-5.084756533892393904e-01,1.227812275244820839e+00,1.978608836139263971e+00,5.239465618800802638e-01,1.448775704961237532e+00
2.357286046416210645e+00,1.298910187160434271e+00,1.485010106843399846e+00,-1.579304749259293761e+00,1.895349183377124103e-01,3.813608655250320667e-01,1.406204137063384429e+00,1.111601858954709865e+00,4.417761835909138624e-01,1.688515879182996615e+00,5.988791047586227156e-01,1.190972709829202225e+00,-1.548298860070691063e+00,9.849994246452525859e-01,1.479890948795328676e+00,1.079925773612296913e+00,-5.871239503702280205e-01,1.336816611918760556e+00,1.560017112693883545e+00,7.535052562130416520e-01,1.184484950485571231e+00
1.856216803665262649e-01,2.501842863564745501e-01,8.265434518219489934e-01,-3.723221497397029012e-01,-7.867918335735919477e-01,2.986254782468961144e-01,9.621510255320416816e-01,1.226489972165866194e+00,1.019641502299193148e+00,1.331889866165171910e+00,-1.536511031084132117e+00,3.578351616975555816e-01,1.398630583546109474e+00,-1.346352004160904725e+00,1.576617900667678929e-01,5.254171444764528243e-01,-1.543081226250280213e-01,9.618033004104353800e-01,4.801499213793216647e-01,3.724095360032311786e-01,-4.703480758002158701e-01
1.895843639155000648e+00,9.029191543824630628e-01,4.359186522421716337e-01,-2.002038139693194552e+00,-1.028242556674315189e+00,4.033649058617451155e-01,1.304604514639681634e+00,1.468637348453090130e+00,7.411560111013880681e-01,-9.732588044540573247e-01,-1.712810434268476234e+00,5.346403582170513591e-01,-4.496640742307577154e-01,3.101056799201478698e-01,2.341659974783641740e+00,-1.527384426534542372e-01,7.266626168000049901e-01,1.105330590594792328e+00,1.152506609503266111e+00,8.771084578879653204e-01,8.023419317584743471e-01
2.129347779451621125e+00,1.472953014166719754e+00,1.403514232535969519e+00,-1.352940768283378281e+00,-8.485111761389172447e-01,4.342316634606516179e-01,1.380868903082901111e+00,-7.957407231695809990e-01,5.384519881364603355e-01,-8.603990504440329756e-01,-4.953773825953512455e-01,5.178097396024980981e-01,5.826209469331580237e-01,1.301041716210751487e+00,2.234434701216083230e+00,1.189588371503297770e+00,-3.492750507166051954e-01,1.329171551207124047e+00,1.569808989352983186e+00,5.204448922260130894e-01,6.219681772566363342e-01
-2.692572770258752635e-01,6.846723507818535115e-01,4.348687956816615352e-01,-1.478207972204063358e-01,1.165776032497845005e+00,6.665441591187570847e-01,9.871566613521559619e-01,5.421448860988765661e-01,-1.942116808475912171e+00,-1.349668115100978394e+00,-8.616541521090288480e-01,-3.546389119585384719e-01,-1.757066235053160508e+00,-1.393215377613335137e+00,1.209745682735548389e+00,6.304652011293153668e-01,1.355572235128355896e+00,1.117361098478005133e+00,5.543136760318182477e-01,7.412343467030778621e-01,-1.484637006705749940e+00
1.276966236864401028e+00,1.019323816002146055e+00,-6.749630592503453874e-01,5.164529702167055536e-01,-1.043424112304449203e+00,-3.513183255314943909e-01,1.459428711559037195e+00,8.725524822254466795e-01,8.247757459656543944e-01,-1.657826515117220678e+00,1.759212397615468326e-01,4.745209352130830283e-01,1.691297661387342277e+00,8.789196000204031467e-01,1.841363025360483574e+00,2.156232542779811245e-01,-1.602385803769481587e+00,8.570801109992053357e-01,1.352893297935727324e+00,-1.566983428957433033e-01,7.822723783118379348e-01
2.402131119848408325e+00,1.559150039395315934e+00,1.822554433598442269e+00,-2.834154620751397236e+00,8.316579553319219942e-01,5.216623896463733479e-01,1.508358276471204906e+00,1.147206584219707004e+00,1.129830976760412442e+00,-1.363856096466493417e+00,-1.823232118977071714e-01,2.308508718819689332e+00,6.160427965656966043e-01,1.070918989147854994e+00,2.057669942946817709e+00,1.585257323982351751e+00,2.464368807957969254e-01,1.615521775903562274e+00,2.118416776136021085e+00,8.407854022604686062e-01,1.778896944266981306e+00
6.072966239072997985e-02,2.571608658843204109e-01,7.328509972386670901e-01,-4.451625013536879560e-01,1.883843690213077293e+00,7.298687622166724065e-01,1.018068547357832143e+00,6.851380622226953543e-01,1.797755910423179504e+00,-1.034485578879972056e+00,9.046069057555774506e-01,-1.057996801332195869e+00,1.529617675313487357e+00,-2.056047012682312047e+00,7.208298420151968422e-01,3.741528183161690335e-01,4.904167231720609199e-01,1.418097863223461541e+00,-1.389432205080098903e-01,2.991969036941540261e-01,-3.244554710245829421e-01
1.419803577456488330e+00,5.740651177310272801e-02,7.421683103534953974e-01,-2.104861955067584625e-02,-4.683767352817930774e-01,-5.176683634179348736e-01,7.945500364978437258e-01,-5.662719296156230042e-01,-7.453120009204541319e-01,1.478235493395624767e+00,-2.384489590645743340e-01,5.593938109035406780e-01,2.579621573900234832e-01,9.741402721765890504e-02,8.168485035806748451e-01,-3.210237071154640187e-01,-1.308679746080866568e+00,7.852868134852634130e-01,1.044553613868632436e+00,7.483451585047480592e-02,7.435073472263860062e-01
2.545024354492966268e+00,4.361513173544687705e-01,-6.795924471553473900e-01,-2.597185997342164487e+00,7.649416822202967925e-01,-1.048184015143646154e-02,2.698880767093074229e-01,9.603054165863263991e-01,9.519005207276354241e-01,6.991818865117403747e-02,-8.616541521090288480e-01,1.847495468762896165e+00,-7.473003933279344091e-01,1.341759362988118820e+00,1.034599031895506505e+00,-6.688511950600680711e-01,-2.861559963201222856e-01,9.524609685577885010e-01,5.848925446211657997e-01,4.302903887071811706e-01,2.638188080544781045e+00
1.950917080826545247e-01,5.429978850713002014e-01,-2.487402452905532968e+00,1.181640833545003905e-01,1.274867347510890037e+00,4.584700707406499376e-01,5.905700618362109688e-01,-5.529450412419124883e-02,9.751111852009619607e-01,1.339930910391838648e+00,1.223319363682912719e+00,1.209390061349344958e-01,1.034045257130447926e+00,-2.069877434504334979e-01,-3.404683797457124655e-02,-1.639409852892357300e-01,7.778368071586785892e-02,5.076509439828805759e-01,6.083771813502067971e-01,-1.222413168083051449e+00,6.603981760043861060e-01
3.846334939874390679e-01,-2.650815277630401701e-01,1.044847111602911882e+00,-7.570674427700563314e-02,-3.044664995736161561e-01,4.379269584330501841e-01,3.637350654777734005e-01,4.105762862502866373e-01,1.309429574307396704e+00,-3.185837447134520217e-01,-1.206398984103106004e-01,-6.681933512167567146e-01,4.411047753167307017e-01,-2.340311430615266697e-01,-1.199656389610685298e-01,-8.335729862243089483e-02,-5.581909410198095944e-01,1.347231826656379861e-01,-1.246720229486266568e-01,-5.238962844276470743e-02,2.810980851241431377e-01
1.047512980395930660e+00,1.103747959310873661e+00,5.995153299027735326e-03,-1.490760643022960519e+00,1.606262630626958954e-01,3.212174373943974537e-01,-3.172845854490485284e-01,7.113797134624730845e-01,8.170975454442391817e-01,-2.815517184119369909e-01,-1.284583006368644753e+00,-2.531014802158309540e-01,2.044310271709735449e+00,-2.230588622786816022e-01,6.563671781686418738e-01,-1.086428774729714108e+00,4.926562145272726512e-01,1.186681598750448874e+00,1.739676610726635098e-01,2.801997956872878115e-01,4.221127406422438555e-01
9.961595341073550269e-01,8.775956196052108194e-01,3.889676438921809698e-01,-4.169597940387306800e-01,5.884324632463121540e-01,-1.241693735114984300e-02,-4.218714362990856337e-01,-9.563808337865016274e-01,-1.423031238206537985e+00,8.671583682582516550e-01,1.470427391500919723e-01,1.488045189991925144e+00,1.981351284061337870e+00,-7.090084581737111924e-02,1.128309861362376765e+00,-6.187752180056853568e-01,-4.188029191472738555e-01,9.380329771989855958e-01,3.169599371318545522e-01,-9.020085529786411871e-02,7.417608302218738903e-01
6.409794386223598428e-01,1.857693211962718527e+00,-7.195694962149710161e-01,-6.437618155612706561e-01,-2.454245289925748030e-01,9.009548217605183318e-01,4.086270793749476327e-01,4.384647732998328551e-01,9.185276504262257502e-01,-8.693629264597518835e-01,8.454547400658295464e-01,4.656461017579211492e-01,-4.019719875760508487e-01,-1.058848732696300088e+00,7.357682918382537629e-01,-1.875063127586491449e-02,9.195729159937225949e-01,1.353179163379856442e+00,1.062181300276181739e+00,9.573748213804049723e-01,-1.402761606899535496e-01
-2.545420782868303977e-01,3.941753132650500091e-01,2.463454366387098360e-01,-4.431137167316580583e-01,-7.284841861258262163e-01,6.990339728042734846e-01,-2.891668079775187028e-01,1.121717179846124068e+00,6.868985521153726514e-01,-6.001607079828901181e-01,3.833466206935382536e-01,1.714186267817973786e+00,-2.413667612315644473e-01,-3.837452208540875764e-01,1.062291600753305199e+00,-1.519405560750224093e-01,3.229584607015799080e-01,7.184622084475947856e-01,3.428089725307024160e-01,-3.802080460345943352e-02,-6.265718604875626374e-01
2.080111596891038306e-01,6.921015233672416223e-01,8.024858975520895443e-01,-3.639440242052912611e-01,2.360226097246734822e-01,4.526264859092488102e-01,-6.279900961032852669e-02,-1.662332176040995924e+00,-9.988327381825930218e-02,-1.966120979516726430e-01,-9.767294818750348329e-01,-1.932255863669564699e-01,1.416902029083392689e+00,-5.161324774137681093e-01,9.788709272802778028e-01,-1.649040055702606367e-01,4.679126140342010354e-01,4.612619545037900393e-01,-1.071612831084920892e+00,5.059840499155983107e-01,-4.999820743207131213e-01
-1.180810630547624168e-01,5.441435495259923094e-01,4.442894287667363273e-01,-2.651081775880588243e-01,1.409041951526687486e-01,2.311765979201026722e-01,2.802163272686051809e-01,2.547112894669910088e-01,-6.376344954392473285e-01,-7.418820064606317100e-02,7.494936283729660698e-01,4.566960569532682035e-01,1.385634272200755746e+00,-5.736117413328949421e-01,8.898490559803684530e-01,3.550919343833708886e-01,3.770208395302334092e-01,4.910671066001369711e-01,2.222288148901184202e-01,4.652354552699624612e-01,-1.254045807373476817e+00
3.169303723366325657e-03,2.241001892496441439e-01,2.166671283903755185e+00,-1.019266815796231462e+00,3.042353242885471598e+00,-2.987355976197854646e-01,-1.558942797271607894e+00,1.104591301803803161e+00,2.448465816532354289e+00,2.471548160082194467e+00,1.611619186275790927e+00,2.758543655752615731e+00,2.200691306019163740e+00,-1.078976104325349183e+00,6.166076944027721884e-01,-7.930445861224623139e-01,-7.518807141288584572e-02,2.999585987382290958e-02,4.451244471761788279e-01,7.881948813462558157e-01,1.424751169172862486e+00
4.394767259114059493e-02,1.077930920784923030e+00,-1.827421289424777662e-01,-1.261977975012116060e+00,-1.106433871626968379e+00,1.158185917557932543e+00,1.463967810549465266e-02,8.828434582917012996e-01,1.072091238074229791e+00,1.139453555486493186e-01,-4.829670093406512876e-01,-6.055187255779441446e-02,5.697871449606454197e-01,-1.591258515762052350e-01,7.568432183213888997e-01,-6.506503075856100160e-02,1.136215610780010987e+00,5.567465869150107771e-01,1.122074758945119211e+00,5.722982573680351903e-01,9.657004384363450100e-01
3.042489989044194210e-01,1.083446651927566506e+00,5.860837168229398042e-01,-1.148158172699519586e+00,5.486126464848706252e-01,1.064008338668155806e+00,4.778664112570714662e-01,-8.466363691755902643e-01,8.908106680280337697e-01,-5.862491237116421727e-01,4.055701284797673389e-02,-1.096404632746573071e+00,-7.640100972398478074e-01,-5.780521992912861506e-01,7.919539882594028857e-01,3.722417948670429105e-02,1.322950038152320706e+00,6.787151861629874272e-01,1.071987893464939612e+00,4.471419922844138140e-01,-6.274559929956218252e-01
1.709819984122603831e+00,1.001410257966009132e+00,7.268895186852365464e-01,3.660988638867779255e-01,1.620860130425133327e+00,-2.582099265876093841e-01,9.962079534175636297e-01,6.688836212684297067e-01,-1.141577021016694449e+00,-3.967250304118036808e-01,-1.712810434268476234e+00,-1.042251164755749610e-02,8.092056049788269867e-01,8.670057015387282462e-01,6.469723264703268750e-01,-4.056899559378988190e-02,-2.821044752013411316e-01,7.764199032874891104e-01,1.467128725605352901e+00,1.856597471929871956e-01,5.201383330317650433e-01
4.466399195058949334e-01,2.355710031547051386e-01,2.451441282822832690e-01,1.623747018915119578e-01,-4.772805848536602613e-01,2.417332670232792136e-01,8.024344842948686329e-01,4.167015647509902387e-01,1.265722472356660688e-01,-5.725158980026661126e-01,8.785815049012112299e-01,-3.449941055079283059e-01,-7.807241661507290098e-02,-2.303381692727236585e-01,9.819699042037081105e-01,1.008042245300483641e-01,2.831631622217591904e-01,3.627925493913964905e-01,5.125090878401786787e-01,3.868687839302828446e-02,3.031402265364213089e-01
3.133687892947444320e-01,5.012603811062598114e-01,-2.090481781052400956e-01,-5.746598732780043850e-01,-9.006254679770899774e-01,2.420101702255397502e-01,1.187017439852250611e+00,-1.628321821534757685e+00,8.650342090784841620e-01,-4.685626872316780989e-01,8.863075558538564547e-01,1.186478664893455104e+00,-4.255271966563853314e-01,8.030226393492995163e-01,-2.894342440293349861e-01,1.069018335307110323e+00,7.263223232693089004e-01,4.145741110810102215e-01,1.306483226761895988e+00,3.436396699634426954e-01,-4.077346620542564026e-01
2.243117280651478196e-01,4.991374193968481920e-01,1.325399423592630077e+00,-1.102983896996606816e+00,6.077926378539615371e-01,7.093062949080298774e-01,-4.765264117666911381e-01,-1.437355700877355424e+00,8.354053043383709021e-01,-7.848150071363477198e-02,9.561195865574239061e-01,-1.002883481354962969e+00,-3.237307310558414919e-01,3.589367338153700016e-01,4.051272393200165411e-01,1.067773218989876982e+00,-4.366406136805318222e-02,4.085810665090196248e-02,1.545402411880339444e-01,1.374600971935649174e-01,1.748440876628923335e-01
-2.815584990912867180e-01,6.107403314287992435e-01,6.560048163626286399e-01,-1.111630626979110970e+00,1.376818313414671868e+00,1.095942560512083386e+00,1.292746014364796192e+00,7.522416281242774172e-01,7.792019950359025948e-01,3.370376202908418328e-01,1.138864057779867656e+00,1.689303203942816856e+00,1.337755266360971085e+00,7.028196024198155034e-02,2.394315571725241787e-01,1.011965722867506967e+00,6.164411853828326571e-01,8.420604258122896812e-01,7.467582057644756022e-01,4.393063223877770040e-01,-7.687437171556353588e-02
-4.769615319569338041e-01,1.473586254991251232e-01,6.279025542513738678e-01,-4.979682649310028797e-01,-5.904353345713845291e-01,4.540893102697926564e-01,9.078225401837834996e-01,-8.072713919235445790e-01,7.920303407868922729e-01,-5.589565152660985747e-01,-6.147106389255911907e-01,1.518078464086669355e+00,-1.286072456187708157e+00,8.648359726909422562e-01,-1.389418842353523198e+00,5.395569942334469404e-01,4.379750365934125256e-01,5.369615294466462130e-01,4.052074662013622763e-01,2.355930506926290358e-01,1.232112251377288220e-01
-3.725509809200611144e-01,1.227625699772179058e+00,9.298896129603424765e-02,-1.067114898712321125e+00,1.555210734490249935e+00,3.945477153203678644e-01,8.629091065534170157e-01,1.470006615645774450e-01,9.413689333661048320e-01,-4.460747072244656414e-02,-1.386990133787366686e+00,1.368088053261027781e+00,-6.526302815905714594e-01,3.253501056910736433e-01,-3.173863452375025873e-01,1.036294839774274668e-01,-8.807372086384612775e-01,6.065855693846029517e-01,2.804439574513034050e-01,4.747302132632582605e-01,-2.621691005402860819e-01
-3.281037415988202754e-01,2.573969870571886642e-01,2.379146638187091545e-01,-5.960431665367360576e-01,-1.043424112304449203e+00,3.026346848217728591e-01,-1.115063251336749772e+00,-1.781043678354570226e+00,-9.067747407735063936e-01,1.680218572530971288e+00,-1.802564251816976215e+00,1.337307033892774166e+00,1.189687542487978700e+00,1.745324200900528200e-01,1.349058668838102992e+00,7.511850546888607649e-01,6.231838948098756825e-01,4.150758282420740491e-02,-1.040562997795265066e+00,-5.907781349117349756e-02,-2.173891323594448199e-01
6.472656964012978020e-02,6.926870090468085772e-01,-1.242125271292919164e+00,-2.956771288608919246e-01,-7.398907827640125445e-01,7.124382271335518713e-01,1.165051319785687767e+00,-9.300307348831936549e-01,-3.036480996939709964e-01,-3.967250304118036808e-01,7.359469888181690948e-03,8.498784948685793594e-01,-1.511407920612392042e+00,7.842516153879715013e-01,1.436166480047176008e-01,1.137757950827960496e+00,1.310810772461285634e+00,4.118067359509064995e-01,1.296129273379409697e-01,-7.765800451843177243e-02,5.355633124318201488e-02
1.177846062923264825e-01,8.865759789365472709e-01,-4.870399700625580031e-01,-9.304811256787145490e-01,-1.245006475941104807e+00,5.834408155345722768e-01,-4.111355999347143797e-01,-4.635834144463296114e-01,-1.778332056541475970e+00,1.512872407256545371e+00,-9.271405693842297291e-01,1.213160478979250279e+00,1.832361983164025210e+00,2.771399859995204995e-01,-7.985615816450220006e-02,8.463013035956175045e-01,4.356868241144358778e-01,8.286541684462060964e-01,6.069771894519323530e-01,-7.407579867765545778e-01,-5.852843525807656100e-01
1.425415688878226839e-01,2.478144993292906162e-01,1.392920786550905010e+00,-4.604140015115026352e-01,-2.893933873284112446e-01,7.940485583829339777e-01,-8.502606637095595499e-01,-1.324686680381762516e+00,1.285447547356751929e+00,2.296768993026079564e-01,8.893811149278368910e-01,8.321717602188774543e-02,6.641259589909270789e-01,3.921185881634922654e-01,4.961210879373790239e-01,1.283533796021105067e+00,-2.856492028733755295e-01,6.079701719731399612e-01,2.154134108785666080e-01,4.945795141607915446e-01,-5.033859388568588944e-01
-1.638406772303044434e+00,-8.944809446738282155e-01,-3.558510534031475436e-01,-4.985309540476534629e-01,-7.867918335735919477e-01,3.275411148467479716e-01,-1.114895988132661664e+00,-6.799547180769102139e-01,1.043369530788532007e+00,1.262834557814099368e+00,-1.142472083511289815e+00,6.379503808311954849e-01,-3.454537111547653083e-01,-3.566857635927128123e-01,-1.182633999192192142e+00,-2.645586980467643734e+00,1.187822171874770127e+00,-3.461714764291052848e-01,-7.908797608014771496e-01,-1.051044809494044774e+00,1.270347948732688081e+00
-1.132353262175052500e+00,-6.895101704519337460e-01,-6.339698896082701651e-01,-4.205534801286082980e-02,-6.519148544483855945e-01,3.856834780331397372e-01,-2.126513789442054936e-01,-1.830482028447822707e+00,8.444074547450747259e-01,1.278704135965923472e+00,7.582948612682726131e-01,-1.849424147581293087e-01,7.818613359364153803e-01,-8.025170396118136429e-01,-2.578892216886448541e+00,-5.101214922422216969e-01,1.707111521802362253e+00,-5.663968852599511328e-01,-3.370736593130208569e-01,-1.096541667837310108e+00,-3.107790095809622732e-01
-8.823738770405228360e-01,-8.682414257405535185e-01,-2.329108513961961169e+00,-4.240056035927067812e-01,1.003184256078686748e-01,-2.518613130643496123e-01,-9.576263063419773180e-01,4.597912323322367878e-01,1.548412788248122451e-01,1.743294755104290328e+00,-4.586049897237531314e-01,-2.531014802158309540e-01,-1.295313436745359481e-01,-1.732781174259528101e-01,-1.910988781268669001e+00,-8.604882928765043015e-01,9.267379321586485807e-02,-7.314764992350233364e-01,-1.015608150041256152e+00,-2.065921726618171306e+00,-1.479063346514275512e-01
-1.446929383704961047e+00,-6.941612986440455213e-01,2.559191650836031284e-01,-1.100136844381648382e-01,2.585202619305795868e-01,1.163808995104717858e-01,-4.564842093019026437e-01,-6.629506292712400439e-01,4.144431768673945693e-01,1.638605991918969940e+00,-9.972846350395524473e-01,-9.006004802440044088e-01,-8.521322424111203997e-01,1.646600778110107466e-01,-6.010621252827613725e-01,9.248302763529872017e-01,-1.984810761312982841e-01,-8.505714389996705815e-01,-2.278414709909080682e-01,-2.417105550482208098e+00,-2.812083869060593710e-01
-1.414336548675526051e-01,1.159197808247038053e-02,-3.886963543982410035e-02,2.970766623879210200e-01,-7.748696738111779947e-01,-1.672079469722579093e-01,3.419511711768986051e-01,-1.472901920107057228e+00,-1.897987861779723451e+00,-3.185837447134520217e-01,6.252987094066503326e-01,-1.361817540661677040e+00,-1.745851186725654314e-01,-2.813242978337312291e-03,1.045403468817763387e-02,4.106639321449867541e-01,-6.907673526599792391e-01,2.297494740826621362e-01,3.654110385380747172e-01,3.565085255505728856e-01,1.616644055709356154e-01
-5.839000874206682484e-02,2.903316841703814100e-01,-4.011317073631817144e-03,2.902066170242884602e-01,-7.060344048807838391e-01,1.715955949909793998e-01,5.064521549492018160e-01,-6.102353620798200290e-02,1.074345898889518258e+00,1.489242546119554422e+00,2.636105835188249369e-01,-8.685950319696685851e-01,-8.338607968738369625e-01,1.373568258676464149e-01,-1.710385282197608159e-01,1.416782665392253837e-01,9.747256710514003164e-02,1.049942260655641890e-01,-8.652010179672468826e-02,5.753216219945344045e-01,-1.994918323879372180e-01
-4.337364437447506771e-01,3.316147314029246340e-01,-9.589091129531954194e-02,3.979921743914006660e-01,-1.043424112304449203e+00,-2.960539493246354681e-01,4.090271115119057943e-01,-1.688573827280773321e+00,-1.092096011233696151e+00,2.166927775051203653e-01,-2.134531685360394615e+00,-3.546389119585384719e-01,3.958656231371504020e-01,2.130901411143284740e-01,-5.466779840318258810e-02,-1.600933393225809354e-01,2.517746895272509611e-01,1.037438700442418066e-01,-1.274700313273562091e-01,4.743663677383793686e-01,-3.920606662094778261e-01
-1.695657305757154454e-01,1.040844914377330246e-02,-2.249083551612255594e+00,4.451713817548015317e-01,1.337532319033824635e+00,-2.344344831065695856e-01,1.577085500937947249e-01,5.867862300179943480e-01,6.229249266195927559e-01,-1.484680027928877877e+00,3.252938970062215218e-01,3.473727872787660959e-03,-1.963619579926263015e+00,1.590844907332953084e-01,-8.656848332972042481e-01,-8.719437721404359465e-01,-2.770491383644247962e-01,1.120618116392806257e-01,-3.628039279302894271e-01,5.319631748376754121e-01,-1.886454746890828538e-01
4.797703273950853498e-01,-3.120096946462287413e-01,-2.910519152267982412e-01,8.980435246384970149e-01,-9.140664129632354307e-01,-7.852410762426287327e-01,-5.654814568118806672e-01,-1.840651798665651873e+00,3.913782817106222223e-01,1.505053562812058487e+00,8.309098329376292114e-01,5.755795524826137211e-01,9.902286724948908825e-01,1.543563435168725739e+00,1.518177078221715770e-01,-1.736485076486407930e+00,-3.544762445178067933e-01,2.153901050566415509e-01,-4.449915110913680860e-01,-9.421844222563235949e-02,9.997865818473181676e-01
6.104955088415996434e-01,-3.869987718686340172e-01,8.032944770940670942e-01,8.778672962833311555e-01,-1.106433871626968379e+00,-1.500457705436976097e+00,-2.581093187000694789e-01,-1.020155607967462019e-01,-1.288633605595498333e-01,1.522566382311926425e+00,-7.750537105244994507e-01,-3.643726118872755437e-01,-1.203418127271622451e+00,1.664407019693941114e+00,4.509722234185903345e-01,-7.130486587630645579e-01,-1.915202973605182990e+00,1.097785366761007408e-01,6.344592361800311942e-01,-1.984986510947764626e-01,1.010533874274128552e+00
7.010641100731579423e-01,-1.911989545360582299e-01,6.905803969751732607e-01,7.215267164902389174e-01,-8.233885627799170104e-01,-3.289133950944597706e-01,-2.116788819245488118e-01,5.550920457614592074e-01,-1.611181581503070115e+00,3.311841798624479138e-01,1.324092134252995878e+00,-3.841133542387096256e-01,-7.147142466890634704e-01,1.140801599603337158e+00,-5.725646089521836402e-01,-8.098117097687609345e-01,3.353121859377431770e-03,3.098929523873030778e-01,-2.121026810708601384e-01,2.570133946172464823e-01,6.316179984042672446e-01
6.129801953189227826e-01,-4.424547544518020459e-01,-6.959162897870253550e-01,7.264169160901505773e-01,-5.323417684701460262e-01,-1.066787059702166474e+00,-1.020734724934198034e+00,-9.608367433662603485e-01,-1.954232770448240952e-01,-1.268796555464276055e-01,7.005607077047556475e-01,-2.980486450081855088e-01,-2.920254476606710670e-01,1.447297683134571189e+00,-8.813759941897780781e-01,-1.024216144853350885e+00,-4.461836778837796613e-01,-1.015509186626676122e-02,-3.251038462778323979e-01,-1.162576380002426218e-01,5.431108839927356602e-01
5.788061660483556636e-01,-1.457615682417155112e+00,-3.339181525380005566e-01,9.616504070085178935e-01,-4.595473957846532009e-01,-3.212526050597607874e+00,-1.557284628065905840e+00,-5.755534984630299444e-01,1.318661604518162278e+00,-2.160004450446585400e-01,8.676623710722021210e-01,-4.669871461876670127e-01,1.516627532308889359e+00,1.110665586684700612e+00,1.165099339058978806e-01,-2.115837065020604868e+00,-1.562337458411681701e-01,-9.949973212600833339e-01,-8.016523187425289576e-01,-1.143766662759805541e+00,7.452529341605600433e-01
9.262724235046421173e-01,-1.081169513515438885e+00,-1.299909478284494158e-01,1.104781827966057062e+00,-1.887629916033495947e+00,-1.373452902214966409e+00,-1.493833431976264725e+00,3.869728324654410634e-01,3.208332203882073297e-01,3.883271638563348671e-01,1.103689172879266378e+00,-4.351425537458358250e-01,-1.711593204687182901e+00,1.091890513506748928e+00,-5.003071796231693957e-01,-1.971007018782098053e+00,-3.680493689079771813e-01,-6.919215228552552110e-01,-3.589579828743324486e-01,-7.533917390240586487e-01,1.162535072637950195e+00
9.873945385526096130e-01,-9.162838113265689977e-01,-4.649715788858337917e-01,8.961173166050852013e-01,-1.226656449723433129e+00,-3.175290776774821744e+00,-1.104385609215227992e+00,-1.688573827280773321e+00,-1.816301074405292981e+00,8.935217235328946073e-01,-1.434356589456222908e+00,-3.841133542387096256e-01,9.175731104618042311e-01,1.548155338365177158e+00,-6.471755224992165045e-02,-2.004442712010388483e+00,-8.438616978669286617e-01,-3.576984878408761559e-01,-6.833630010170823610e-01,-1.482641104550444788e-01,7.271702192280521393e-01
6.835229182272059001e-01,-6.834421830232447759e-01,-1.145259890550325510e+00,9.009867784093402721e-01,6.299394761158042533e-01,-1.835585295947324669e+00,-1.029382295758739740e+00,9.703737548740008767e-02,7.529240973021323891e-01,-7.029551185969650229e-01,1.194462522328888943e+00,-2.889048738953189921e-01,-2.218162320221545025e-01,1.438584336617351189e+00,1.791855697163050321e-01,-1.719178469596386982e+00,-1.283792989410261542e+00,-3.640450419315103825e-01,-6.327939903973752722e-01,-3.849773132054185032e-01,9.345521651363752902e-01
-1.356993951055075476e-01,-5.225934615900578173e-01,1.330410702433435510e+00,6.368592242999484565e-01,-4.353014408712468919e-02,-1.306016877270845589e+00,-2.328528115612202298e-01,6.256211753647199503e-01,-2.280750989297723186e-01,-7.829308259886172960e-01,-8.616541521090288480e-01,5.954690097489265810e-01,-3.454537111547653083e-01,6.704909422672648001e-01,-1.161632908961079513e+00,-6.986956335037367571e-01,-1.364613591393901704e+00,4.910671066001369711e-01,-1.185761681744062629e-01,-2.293189521196797198e+00,-6.773519251952780929e-01
1.515485209529250643e-01,-1.386478918956321749e-01,1.262663513173577501e+00,8.069541561005387775e-01,1.703507550596462805e-01,-9.017672932636744410e-01,-2.130837468031950566e-01,5.604404862292485801e-01,1.010072630109957598e-01,-5.931823319478531920e-01,5.632271953772262085e-01,5.715563134598113937e-01,-1.548298860070691063e+00,8.333184380873204233e-01,-3.594660530531753051e-01,-3.260468375067992475e-01,-2.575897903488855514e-02,-3.024728583461910262e-03,-2.577050877266074957e-01,-6.271775026620365345e-01,2.998100207701906994e-01
1.796359248614202819e+00,1.950342264881872456e+00,-1.110194295794748376e+00,6.282083216000928783e-01,-4.421073307382951123e-01,-1.320137495715557385e+00,-4.048393834035269312e-01,1.161848370971203526e+00,-1.498425113172562329e+00,-2.920023079666478338e-01,3.171062013450825501e-01,9.614592875791182491e-01,1.513352842896514394e+00,1.745164969817335043e+00,4.062014691325981364e-01,-9.518343369592091596e-01,-1.028398178054882539e+00,-3.853298604590953830e-02,-1.509725644585672988e-01,-5.493568357527253143e-01,1.954069494647973970e+00
1.280749430472371664e+00,7.055298659957772722e-01,-3.141089205638118442e-01,1.050414375509760356e+00,1.553907337273552791e+00,-1.526745602319304895e+00,-1.560187298006218359e+00,-9.563808337865016274e-01,1.117110926642201241e+00,7.347459500429720514e-01,1.466395740589191643e+00,-4.144340673825224752e-01,1.750959870614260394e+00,1.419416890215651872e+00,-2.403071402339182483e-01,-4.787286452493391131e-01,-5.728999483733467901e-01,-8.557708915147896889e-01,-1.132553444527116371e+00,-3.079892919560588194e+00,1.619772853498290699e+00
6.225344724498632631e-01,-2.377911544274304567e-01,-1.794881791596708021e-01,1.133973045564432347e+00,1.951282214277604288e+00,-4.851823701476976058e-01,-1.112555723836870403e+00,5.593729493460617430e-01,-1.581498794162105259e+00,9.124506438239819994e-01,-5.733082705890513164e-01,4.745209352130830283e-01,4.508797955296375837e-01,1.132030583486554942e+00,-3.504481795470969496e-01,-8.506553815867383683e-01,-1.172207927376695658e+00,-3.061798913437104308e-01,-1.205948649113563809e+00,-6.739357144025734936e-01,9.850404584419922283e-02
8.637986676061401026e-01,-1.312183473199750872e-01,4.701317386867817638e-01,9.413167351168346686e-01,-1.592639952302925099e+00,-3.724762697149575086e+00,-2.247772659183107979e+00,1.093018778617078191e+00,5.848626995172678811e-01,3.855412664917514665e-01,6.172446919063873105e-01,-9.006004802440044088e-01,-7.640100972398478074e-01,1.099990852185781076e+00,-2.383054787050247203e-01,-4.525858842171588958e-01,-1.600685019146817822e+00,-5.912599357148143886e-01,-9.773774267362926871e-01,-2.538226988975543108e+00,9.416822568456609810e-01
1.516283051725443975e+00,2.315150089078970574e-01,1.416813433642933884e-01,9.668662780420763658e-01,-1.299608928548185438e-01,-1.725228959210728163e+00,-3.509841220718409871e-01,-4.359784110274637636e-01,2.118466742156384364e-01,-4.320417544960172829e-01,1.448276433815235187e+00,-5.324320002353947340e-02,-7.807241661507290098e-02,1.491772363762549736e+00,6.819286416874539292e-01,-9.748950396695561516e-01,-8.692357296309913828e-01,1.029097749291240094e-01,2.376209397708845816e-01,-5.320693785369804418e-01,1.184993667993188282e+00
-3.996534049994146520e-02,-1.998358564560149264e-01,-8.825479568565131050e-02,7.873996940673674283e-01,-5.229630408258683083e-01,-1.629627638492983088e-01,2.684328552460197859e-01,7.378922742192500772e-01,-7.558435882819850571e-01,-8.515095642983316893e-01,2.607130435071559615e-01,-1.156769574516326227e+00,9.761231770043143907e-01,5.836505636798524632e-01,-1.495974985899354848e-01,-1.721408492151797198e-01,-3.420112132905854252e-01,8.339775936036288029e-02,1.715585422422811687e-02,5.109408301166972199e-01,-4.636801796875568427e-02
9.212807993457857725e-01,7.435276319267468403e-02,-3.894049444756343403e-01,1.107507034494342957e+00,5.786175095600419871e-01,-1.127542156463198664e+00,-5.088292255318098700e-01,1.284728885229980522e+00,1.125612948271221603e+00,-1.192629855265155081e+00,1.193335609967840494e+00,-1.336967006671054836e+00,-4.496640742307577154e-01,1.140362167884595435e+00,2.507698667694037153e-01,-1.179057812189170606e+00,-1.601535269204497514e+00,4.666297524879448044e-01,2.299345823375605891e-01,-2.982318011431255300e+00,8.353318740593204117e-01
1.023083600785125391e+00,-1.288201009670224106e+00,-6.709149982219921038e-02,1.051862811830842404e+00,-1.190886925508706451e+00,-1.111205678482878767e+00,-1.146072447795684957e+00,7.233465158808549678e-01,1.014811981130366636e+00,-4.685626872316780989e-01,-6.505913808871238713e-01,-8.685950319696685851e-01,1.405980196180876218e+00,5.935170854870507329e-01,-2.376385575204686407e-01,-9.541758363512358176e-01,-2.826105623157532665e-01,-3.238948538099456487e-01,-8.641815960302171584e-01,-2.060320626731143356e+00,1.747769783336149185e+00
6.775262599598850244e-01,-1.308498169431149050e+00,4.338181553535834789e-01,1.100121488650511514e+00,1.091635010091906555e+00,-2.131139709181367525e+00,-1.047272329510294808e+00,1.474522572188669445e+00,7.936197993147419139e-01,-8.166714715593870189e-01,1.046496697869048198e+00,-6.681933512167567146e-01,-1.012079001990803695e+00,5.928896203394803388e-01,8.975121637344243841e-02,-1.511541510968933633e+00,-6.389996799664958704e-01,-7.474273166776600474e-01,-9.459358096409602457e-01,-1.233860356615506859e+00,9.618911163879291237e-01
-3.769635196716716319e-01,-1.106769057182201754e+00,-9.054495180406522126e-01,-5.209163069134302715e-01,-9.554481839888225858e-01,1.976767912389160164e-01,-5.052149845110155413e-01,-5.755534984630299444e-01,1.754185038853580680e-01,-8.784024478928879054e-01,7.207901737433476397e-01,-1.584980856046142472e+00,7.618295061023662440e-02,-1.247842852752358400e+00,-1.450954757286585739e+00,-4.590447478232164702e-01,-5.514307707485252008e-01,-1.031401431337231944e+00,-1.036789594451899887e+00,-1.440683511079599022e-01,-8.111257999240333305e-01
-4.198391928165352560e-01,-9.759855202079932568e-02,8.145660803434003894e-01,1.971893950914982430e-01,-8.586074603343477052e-02,7.193077645227738959e-01,4.298019795393378528e-01,6.945846388924747927e-01,-1.743592255054077222e-01,1.341074719291646122e+00,5.173300053035607693e-01,4.060672403863992974e-01,-1.383775024685080235e-01,-1.132600595344149808e+00,1.138402253194273905e+00,4.612298249660720106e-01,1.144137694279854650e-01,1.120618116392806257e-01,4.761851953136971849e-01,1.216194514579601593e+00,-1.110571312980579428e+00
-2.953494331740142975e-01,7.048506157072650380e-01,-1.988094622192720234e-02,-1.665905395755856166e-01,-1.364141234472068809e-01,1.266847437879647043e+00,7.151783337405022145e-01,-1.299826298150159376e+00,8.908106680280337697e-01,-8.166714715593870189e-01,-1.734495080017527391e+00,3.328671201723178430e-01,1.455936008863788933e+00,-4.561516143362396303e-01,9.659977901206856510e-01,1.130087103048950992e+00,5.182695388362622557e-01,6.628728664847325369e-01,9.462749564026055049e-01,1.458829828406091877e+00,-1.780101862904670318e+00
-4.048448533829373530e-01,3.222245092153089296e-01,-3.466707687033230290e-01,1.319927372673068700e+00,-9.554481839888225858e-01,5.865940066403263486e-01,5.072789778326774329e-02,3.939498975111854762e-02,-2.038249755205566061e+00,-3.294038057310997858e-01,-5.456589749268471456e-02,-1.440082893445265411e+00,-3.789710704727955459e-01,-7.949808162969400627e-01,-1.357177867065001209e+00,-6.721235153207479884e-01,-8.794566934860685858e-01,-1.877072594987897747e-01,-8.049991284015890758e-02,6.346145653472162751e-01,-1.814214282483251672e+00
5.357373225455057675e-01,9.089623494291501071e-01,4.947376043947866037e-02,7.548313632054792777e-01,1.175154760142122168e+00,3.325303439827127505e-01,9.230992143723656396e-01,8.899100494570759690e-01,1.408291459068867491e-01,9.897601871543187935e-01,-1.327177174727096398e+00,5.593938109035406780e-01,5.480157800640189647e-01,9.551666933375232427e-01,7.038731552294703597e-01,3.275023431051693468e-01,3.169687732459081642e-01,7.319302933791453913e-01,3.441174984030703765e-01,7.202112510589092631e-01,-5.427865641817726239e-01
-6.243592518205481889e-01,9.806903612413501170e-01,-2.278565861347588845e-02,6.807605926826861831e-01,2.076846942757295977e+00,7.892753313239249113e-01,5.912293862258828359e-01,3.602600072530375286e-01,1.044538015878738957e+00,8.546298402577604536e-01,4.762152369296567267e-01,2.650448746716306814e-01,-9.090897432277476042e-01,-4.461666125348410228e-01,4.582384245528104555e-02,-6.788889146889895976e-01,1.615476804848432035e+00,-8.834081246221980876e-02,2.797759690606747562e-01,1.152256058794508320e+00,1.225078840227544624e-01
-5.663966936377491657e-02,-8.876491057699724685e-01,-9.838103420911751273e-01,3.851632974721808100e-01,-1.692859382530371160e-01,-1.814374194760824677e-01,-7.027633122294266732e-01,-7.254823631946886175e-01,-2.855768073161932263e-01,1.108317704241463364e+00,-1.691592161331150201e+00,-7.494718272033490392e-01,6.680281353323117566e-01,-1.394956920724798932e+00,-1.316643107654853928e+00,3.435461568835393442e-01,-1.023886458143770939e-01,-1.642611366427153774e+00,-5.305834042611538154e-02,9.721260163710292168e-02,-7.243739467587305692e-01
-9.861895172533365894e-01,-1.494941440570191959e+00,1.102897224400097437e-01,2.071313694851368292e-01,-1.074458700018922963e+00,-5.768868375820871419e-01,-1.787388931887074595e+00,-1.619986618980121085e+00,8.950286965172246090e-01,-8.166714715593870189e-01,1.358066379650588740e+00,-8.278635624799249304e-02,-5.258710035330674826e-01,-1.127280780007513306e+00,-9.071564691399091052e-01,-8.773564087746472673e-01,-4.044102721351237190e-02,-1.497823548192713128e+00,-1.316642044101538511e+00,-7.820460225803308463e-01,3.553133394446224558e-01
-6.010980850878414605e-01,-8.620656381882517705e-01,2.860339297775362985e-02,4.290724239642169091e-01,-8.485111761389172447e-01,-7.612639378949240809e-01,-6.188573651406527043e-01,1.103311671453112597e+00,-1.611181581503070115e+00,-1.468810449777053773e+00,1.053017618268593525e+00,-1.467515577783995884e+00,7.284330724423211390e-01,-1.833919906165001557e+00,-1.039522200845173439e+00,6.287094396603692958e-01,7.911691086129911676e-01,-8.907305354319481339e-01,-9.925447085221892340e-01,2.084007261770496056e-01,-1.161168676518283371e+00
3.152289641827182853e-01,6.808506091886029621e-01,8.352625217809083180e-01,1.608597405031288785e+00,1.386033218387594745e+00,5.430505705661659022e-01,8.396587844578387028e-01,3.768755320132531894e-01,-4.573438888517347700e-01,2.008702098540982722e-02,-1.573056381804265769e+00,6.226995892231488305e-01,-7.810104192229925246e-01,7.491122926007461880e-01,1.016737186694152972e-01,2.001797851916140847e-01,-3.906575164067322969e-01,3.291100804043496919e-01,8.033651709739230151e-01,4.231061207741504959e-01,-1.103406454928489877e+00
-8.996183512938029647e-01,6.032442158042971014e-01,5.302833154048617326e-01,-4.316010771813245939e-02,-4.947438467004401652e-02,8.634771941969067166e-01,1.489522874003616382e+00,5.152084281207564703e-02,1.239868632796354841e+00,-6.071848441876540603e-01,3.678497837984702201e-01,1.532780775305205623e+00,4.721804993332577582e-02,-1.104380048887628973e+00,4.583689140210655544e-01,1.067328354602712359e+00,1.181286093808997961e+00,3.622575571559263352e-01,1.266939318004997039e+00,1.363785941859768203e+00,-1.450360766325131667e+00
-4.947108277786204100e-01,-1.659087513883672205e-01,9.307244302082708920e-01,7.187690158790129014e-02,1.723422925811259443e+00,6.505991889702906761e-01,2.813229090115596520e-01,1.064852252421435441e+00,-1.001315127590851617e+00,1.361457136358487974e+00,-1.039726088953796479e+00,-1.361817540661677040e+00,-2.218162320221545025e-01,-1.441477788150539618e+00,4.179924539333632616e-01,8.599074971427799197e-01,1.002725508107003005e+00,4.171643347652166933e-01,7.785041729501934737e-01,1.302130100280295411e+00,-1.055700922119267915e+00
5.176569919219340538e-02,-1.233353077808597265e+00,-2.538583826099853891e+00,1.593472360249725162e+00,-3.174119560103691451e-02,-7.878123207709594178e-01,-1.350069245292933484e+00,-1.405172446539570963e-01,2.831340609153776278e-01,-1.484680027928877877e+00,6.192643684864725939e-01,-1.039304296254179638e+00,1.968488913538110618e-01,-1.148842479237913938e+00,-1.459994187588914638e+00,-2.647694625298617765e+00,-1.326170291697856607e+00,-1.878048065409707146e+00,-1.612744437710298628e+00,-2.110296441483599725e-02,-4.948828958170273795e-01
7.754145588435175096e-01,9.963760138523364285e-01,6.791493285031264815e-01,8.031742513543843609e-01,-5.513530920537080826e-01,7.381051735257279089e-01,8.654764001564251297e-01,-5.975310324896285774e-01,8.224352408612256582e-02,-1.533750146231978473e+00,7.530235486494828434e-01,3.918274880333934562e-01,1.017843330266114954e+00,4.498461991018455342e-01,1.400949720041691493e-01,5.255324895168892452e-01,2.497045292431983657e-02,9.477073410413578980e-01,6.806961914356887133e-01,9.772037301816071109e-01,-1.456154169667350784e-01
-9.290927407394051762e-01,6.009093211914050547e-01,9.151326137835471553e-01,6.746833152010864865e-01,1.835032955782183839e+00,1.876939598372454610e-01,-8.971179634985752827e-02,1.182251548668861396e+00,1.023244981424538125e+00,-5.128063716107164050e-01,1.197835556947055791e+00,2.210343830814886779e-01,2.638684827638846930e-01,-4.567619675439960059e-01,-1.084504727624886200e-01,-7.032612561393388750e-01,7.898417861161249887e-01,-2.294903022837440354e-01,6.918063241388845430e-01,1.505904281641800679e+00,1.211007488847031938e-01
-1.354391467018383199e-01,-3.307182998924180217e-01,-1.024690098337204480e+00,-6.766214327787674343e-02,-8.485111761389172447e-01,5.497358140268736593e-01,-7.066032288940905515e-01,-1.011125960500840693e+00,3.348815309926311823e-01,1.297918587170560967e+00,-1.142472083511289815e+00,-1.524615914276389317e+00,-1.376366810864863455e+00,-1.355479224285144113e+00,-1.048267701528670992e+00,4.309167768456712566e-01,7.212124458054374188e-01,-9.353958922657786834e-01,-1.167061976897378006e+00,2.831183219906610246e-02,-3.945305303879328429e-01
-1.438794982781321563e+00,-1.928493770858560996e+00,2.947364838311214430e-01,5.655465143242495163e-01,-4.772805848536602613e-01,-1.755360186408398526e+00,-2.368433360359340600e+00,-2.246308651688745162e+00,-3.601487176766040438e-02,1.130810434769659256e+00,-9.869535284444996837e-01,-1.156769574516326227e+00,3.984070264845859105e-02,-2.395736495891507278e+00,-8.077715407379729706e-01,-9.760987286417094344e-02,1.217632061161332130e-01,-2.208826513763648247e+00,-3.242024967006045699e+00,-1.010753028734586945e+00,1.088987222194726545e+00
6.531799727334534067e-01,6.673745987821076975e-01,4.711556257120102509e-01,1.503389585572945775e+00,-6.732307291761910895e-01,2.854608978112178619e-01,7.879011071498146501e-01,9.433249537797429030e-01,-4.721840557917790782e-01,-1.308198022684946116e+00,-3.871637327150045937e-02,-7.354835569246984672e-01,-9.288377658968425266e-01,8.470534822080756365e-01,4.541444869721953381e-01,1.598585266704409535e-02,-1.809141774796786672e-01,5.100997968520151193e-01,3.703870467742618744e-01,4.400547076480470499e-01,-1.606315434576418122e+00
-1.608461705557568400e-01,-3.987693633362873191e-01,-5.218412417257879410e-01,1.286882982585018320e+00,-6.519148544483855945e-01,-4.365725449856469598e-01,-1.498479695952715518e-01,-5.449250708773356600e-01,-8.941204299889145002e-01,-8.875189023481342421e-01,1.156577489856147611e+00,1.451891572808559072e+00,8.488391639201342542e-01,-7.778299824620718006e-01,-5.636218410418667446e-01,-1.434060315053757861e+00,-1.608347527952050271e+00,-2.031899795644084850e-01,-1.251216114446510597e+00,-1.774228571787936914e-01,-7.711563230163838156e-01
-2.018748398751296635e-01,-5.157929798784171016e-01,-3.069741389750865745e-01,4.241460411657898000e-01,-1.790166834023854125e+00,2.177452503109587600e-01,-5.394916979272229574e-01,-1.217127590035266049e+00,-2.915562237744780960e-01,-7.996683060954653532e-01,5.926804770505740283e-01,-1.717165521934426176e+00,-1.932046125935813485e-01,-8.710030657927763098e-01,-1.282333479817898692e+00,5.962932206247906208e-01,2.369655181891596185e-01,-1.530474852498584282e+00,-3.934695731714619171e-01,4.688958702548186586e-01,-1.191486135936388857e+00
-5.173641431318902750e-01,-2.158934090984822696e+00,-8.651989388585644702e-01,3.126274849913834863e-02,-3.431191702948698241e-01,-5.678458315502220577e-01,-2.322918612843335673e+00,1.548437442318147672e-01,-1.742051119312723495e+00,-1.168557450460275149e+00,9.773988801005667471e-01,-2.184721822284370341e-01,-2.315426194891923861e-01,-1.583799453800387891e+00,-1.358149747475315472e+00,-7.895773392668810065e-01,-1.082591022694324945e+00,-5.689619522744174596e+00,-1.571618717008426369e+00,-4.482989162060730393e-01,1.447836876012030594e+00
-4.729359465565841636e-01,-2.082160239190077311e-01,-1.657401525556848165e+00,1.122953817512716501e+00,7.227882766840940665e-01,6.988236707901783751e-01,3.368212389613939872e-01,9.963092960779776908e-01,-1.124747833118644014e+00,-8.967136105881898800e-01,6.646111475752435327e-01,-1.002883481354962969e+00,4.557308917164004658e-01,-1.576942374935058178e+00,-4.734765331727623372e-01,-2.179072057434952026e-01,7.761966177041059733e-01,-6.324977501145861991e-02,-4.896516155626963740e-01,1.183299451916868694e+00,-2.462274633903533072e+00
-1.858259916500152764e+00,-5.780791906529247903e-01,2.865915015437082158e-01,3.957349301644486617e-01,-4.947438467004401652e-02,-6.256433160302813379e-01,-3.686249543715393040e-01,-1.409750697458489466e+00,-9.459592267638246010e-01,-4.623887396911082748e-01,6.091243854508915367e-01,-1.042251164755749610e-02,-6.085253324491530780e-01,-1.357562423433008592e+00,-5.621339910789325822e-01,5.663087979966144880e-01,-1.658838049785386348e-01,-6.986743375582268323e-01,-1.200156297558010454e+00,-6.175077029247795224e-01,-4.309706568471124433e-01
-3.352975495664227146e-01,-1.158845386134364164e+00,-3.603741833566499686e+00,-6.069226673083611551e-02,-1.013276349532067799e+00,-3.319945398883034776e-02,-9.404926971749925091e-01,5.742217540760236050e-01,-4.355776203748217279e-01,1.935848289157964808e-01,-1.095481694805185979e+00,-1.243029658637106127e+00,-1.151959200212159473e+00,-1.026249857404424537e+00,-8.085794386070589423e-01,-2.835271257951115648e-02,2.795143215419390037e-01,-8.266425553188763153e-01,-1.220477814938909056e+00,3.896689459697540436e-01,-2.843923806034731050e-01
-5.361252534632909850e-01,-1.214384599031347101e+00,4.317145187076392721e-01,1.521796034804270725e+00,-2.819368198080148269e-01,-5.063344701493429634e-01,-6.536168961925057364e-01,-1.840651798665651873e+00,2.150791009994566239e-01,-3.025558606523926497e-01,5.926804770505740283e-01,-5.337103188799650066e-01,-1.034632954844375285e-01,-1.432747512813276947e+00,-1.085282305090973010e+00,-1.179318749264050892e+00,-1.571404131284434222e-02,-1.008810273701799431e+00,-1.484237717598626105e+00,1.312416780241593695e-01,-1.775078227816020648e+00
-1.329294130963264875e+00,-1.726211782656642990e+00,-3.688048971004893040e-01,1.807086313455976978e-01,-4.080688978269663147e-01,-1.097666408012374500e-01,-1.001804839053390905e+00,4.887187906968067375e-01,-5.105097206772664098e-01,1.101190752249340932e+00,-8.616541521090288480e-01,-1.220795174946908146e+00,1.647970403693390928e-01,-1.503330214754523109e+00,-1.214879515232376805e+00,2.618035085081054647e-01,3.838851605893908725e-02,-1.231606254399199907e+00,-1.439315808608983227e+00,-2.695502698982950474e+00,1.232112251377288220e-01
